,词汇,词性
0,雷,名词
1,总,区别词
2,定制,名词
3,865x,名词
4,平板,名词
5,处理器,名词
6,一举,副词
7,攻,动词
8,下,动词
9,平板,名词
10,市场,名词
11,雷,名词
12,总,区别词
13,定制,名词
14,一个,数词
15,天,名词
16,玑,名词
17,1000,数词
18,的,助词
19,平板,名词
20,吧,语气词
21,，,标点符号
22,要,动词
23,3Dtouch,名词
24,的,助词
25,，,标点符号
26,要,动词
27,有,动词
28,手,名词
29,写,动词
30,笔,名词
31, ,
32, ,
33,考,名词
34,研,动词
35,党,名词
36,很,副词
37,需要,动词
38,啊,叹词
39,小米,名词
40,就,副词
41,是,动词
42,个,量词
43,毫无,动词
44,诚信,形容词
45,、,标点符号
46,出尔反尔,动词
47,的,助词
48,公司,名词
49,！,标点符号
50,！,标点符号
51,！,标点符号
52,网络,名词
53,上,方位词
54,渲染,动词
55,了,助词
56,半天,数词
57,，,标点符号
58,今年,时间词
59,我们,代词
60,要,动词
61,冲,动词
62,高,形容词
63,端,动词
64,了,语气词
65,，,标点符号
66,我们,代词
67,下,动词
68,血本,名词
69,了,语气词
70,，,标点符号
71,要,动词
72,卖,动词
73,得,助词
74,贵,形容词
75,了,语气词
76,！,标点符号
77,就,介词
78,你,代词
79,吼,动词
80,得,助词
81,最,副词
82,早,形容词
83,，,标点符号
84,吼,动词
85,得,助词
86,最,副词
87,响,动词
88,！,标点符号
89,结果,名词
90,呢,语气词
91,，,标点符号
92,人家,代词
93,卖,动词
94,到,动词
95,6999,数词
96,去,动词
97,了,语气词
98,，,标点符号
99,你们,代词
100,还,副词
101,用,动词
102,最,副词
103,贵,形容词
104,的,助词
105,料,名词
106,卖,动词
107,着,助词
108,最,副词
109,便宜,形容词
110,的,助词
111,价格,名词
112,，,标点符号
113,让,动词
114,别,副词
115,家,量词
116,卖,动词
117,高,形容词
118,端,动词
119,的,助词
120,怎么,代词
121,想,动词
122,，,标点符号
123,太,副词
124,不,副词
125,诚信,形容词
126,了,语气词
127,！,标点符号
128,说,动词
129,好,形容词
130,的,助词
131,高,形容词
132,端,动词
133,呢,语气词
134,？,标点符号
135,如果,连词
136,这个,代词
137,公司,名词
138,以后,方位词
139,还,副词
140,这么,代词
141,干,动词
142,，,标点符号
143,我,代词
144,.,标点符号
145,.,标点符号
146,.,标点符号
147,.,标点符号
148,.,标点符号
149,.,标点符号
150,我,代词
151,还,副词
152,买,动词
153,！,标点符号
154,！,标点符号
155,终于,副词
156,在,介词
157,我,代词
158,的,助词
159,劝说,动词
160,下,方位词
161,全家,名词
162,都,副词
163,要,动词
164,换,动词
165,小米,名词
166,了,语气词
167, ,
168,评论,动词
169,配,动词
170,图,名词
171,哇,语气词
172,，,标点符号
173,第一,数词
174,哎,叹词
175,，,标点符号
176,雷,名词
177,军,名词
178,爸爸,名词
179,回,动词
180,我,代词
181,一下,数词
182,好,形容词
183,不好,形容词
184,小米,名词
185,8,数词
186,牛,名词
187,B,名词
188,月亮,名词
189,模式,名词
190,太,副词
191,强,形容词
192,了,助词
193,雷,名词
194,总,区别词
195,雷,名词
196,总,区别词
197,，,标点符号
198,日常,区别词
199,催,动词
200,平板,名词
201,5,数词
202,。,标点符号
203,。,标点符号
204,。,标点符号
205,所以,连词
206,，,标点符号
207,抽奖,动词
208,吗,语气词
209,？,标点符号
210,军军,名词
211,期待,动词
212,小米,名词
213,10,数词
214,和,连词
215,Discovery,名词
216,一起,副词
217,探索,动词
218,！,标点符号
219,平板,名词
220,5,数词
221,快,形容词
222,点,量词
223,出,动词
224,，,标点符号
225,我,代词
226,平板,名词
227,4,数词
228,不,副词
229,想,动词
230,用,动词
231,了,助词
232,明天,时间词
233,看,动词
234,大,形容词
235,片,量词
236,雷,名词
237,总,区别词
238,，,标点符号
239,我,代词
240,想,动词
241,提,动词
242,个,量词
243,建议,名词
244,，,标点符号
245,小米,名词
246,售后服务,名词
247,中心,名词
248,，,标点符号
249,能,动词
250,不,副词
251,能,动词
252,多,形容词
253,开,动词
254,一点,数词
255,啊,语气词
256,，,标点符号
257,我,代词
258,在,介词
259,北京,名词
260,，,标点符号
261,整个,区别词
262,北京,名词
263,城东,处所词
264,半,数词
265,部,量词
266,，,标点符号
267,平谷,名词
268,密云,名词
269,怀柔,名词
270,顺义,名词
271,四,数词
272,个,量词
273,区,名词
274,，,标点符号
275,您,代词
276,看看,动词
277,，,标点符号
278,一个,数词
279,售,动词
280,后,方位词
281,中心,名词
282,都,副词
283,没有,动词
284,，,标点符号
285,修,动词
286,个,量词
287,手机,名词
288,还要,动词
289,去,动词
290,昌平,名词
291,海淀,名词
292,，,标点符号
293,太,副词
294,不,副词
295,方便,形容词
296,了,语气词
297,！,标点符号
298,！,标点符号
299,起来,动词
300,搞,动词
301,点,量词
302,小,形容词
303,米,量词
304,10,数词
305,发货,动词
306,吧,语气词
307,，,标点符号
308,起来,动词
309,搞,动词
310,点,量词
311,小,形容词
312,米,量词
313,10,数词
314,发货,动词
315,吧,语气词
316,，,标点符号
317,起来,动词
318,搞,动词
319,点,量词
320,小,形容词
321,米,量词
322,10,数词
323,发货,动词
324,吧,语气词
325,，,标点符号
326,谢谢,动词
327,大,形容词
328,佬,名词
329,雷,名词
330,总,副词
331,你,代词
332,转发,动词
333,也,副词
334,是,动词
335,为了,介词
336,小米,名词
337,手,名词
338,环,名词
339,吧,语气词
340,雷,名词
341,总,区别词
342, ,
343,求,动词
344,求,动词
345,你,代词
346,去,动词
347,拧,动词
348,螺丝,名词
349,吧,语气词
350,、,标点符号
351,米,名词
352,10,数词
353,都,副词
354,6,数词
355,天,量词
356,没,副词
357,发货,动词
358,了,助词
359,小,形容词
360,米,量词
361,10,数词
362,支持,动词
363,两,数词
364,张,量词
365,电信,名词
366,卡,名词
367,吗,语气词
368,？,标点符号
369,上月,时间词
370,25,数词
371,号,量词
372,全,形容词
373,款,名词
374,预售,动词
375,的,助词
376,10pro,名词
377,至今,副词
378,未,副词
379,发,动词
380,货,名词
381,，,标点符号
382,问,动词
383,具体,形容词
384,发货,动词
385,时间,名词
386,客,名词
387,服,动词
388,一,数词
389,问,动词
390,三,数词
391,不,副词
392,知,动词
393,，,标点符号
394,别,副词
395,家,量词
396,手机,名词
397,发布,动词
398,晚,时间词
399,，,标点符号
400,但,连词
401,马上,副词
402,就,介词
403,现货,名词
404,开,动词
405,售,动词
406,了,语气词
407,，,标点符号
408,小米,名词
409,还,副词
410,有,动词
411,先,副词
412,发,动词
413,优势,名词
414,吗,语气词
415,？,标点符号
416,Discovery,名词
417,和,连词
418,小米,名词
419,我,代词
420,都,副词
421,喜欢,动词
422,跪,动词
423,求,动词
424,出,动词
425,一个,数词
426,价格,名词
427,贵,形容词
428,一点,数词
429,的,助词
430,小米,名词
431,10s,名词
432,雷,名词
433,总,区别词
434,定制,名词
435,865x,名词
436,平板,名词
437,处理器,名词
438,一举,副词
439,攻,动词
440,下,动词
441,平板,名词
442,市场,名词
443,雷,名词
444,总,区别词
445,定制,名词
446,一个,数词
447,天,名词
448,玑,名词
449,1000,数词
450,的,助词
451,平板,名词
452,吧,语气词
453,，,标点符号
454,要,动词
455,3Dtouch,名词
456,的,助词
457,，,标点符号
458,要,动词
459,有,动词
460,手,名词
461,写,动词
462,笔,名词
463, ,
464, ,
465,考,名词
466,研,动词
467,党,名词
468,很,副词
469,需要,动词
470,啊,叹词
471,小米,名词
472,就,副词
473,是,动词
474,个,量词
475,毫无,动词
476,诚信,形容词
477,、,标点符号
478,出尔反尔,动词
479,的,助词
480,公司,名词
481,！,标点符号
482,！,标点符号
483,！,标点符号
484,网络,名词
485,上,方位词
486,渲染,动词
487,了,助词
488,半天,数词
489,，,标点符号
490,今年,时间词
491,我们,代词
492,要,动词
493,冲,动词
494,高,形容词
495,端,动词
496,了,语气词
497,，,标点符号
498,我们,代词
499,下,动词
500,血本,名词
501,了,语气词
502,，,标点符号
503,要,动词
504,卖,动词
505,得,助词
506,贵,形容词
507,了,语气词
508,！,标点符号
509,就,介词
510,你,代词
511,吼,动词
512,得,助词
513,最,副词
514,早,形容词
515,，,标点符号
516,吼,动词
517,得,助词
518,最,副词
519,响,动词
520,！,标点符号
521,结果,名词
522,呢,语气词
523,，,标点符号
524,人家,代词
525,卖,动词
526,到,动词
527,6999,数词
528,去,动词
529,了,语气词
530,，,标点符号
531,你们,代词
532,还,副词
533,用,动词
534,最,副词
535,贵,形容词
536,的,助词
537,料,名词
538,卖,动词
539,着,助词
540,最,副词
541,便宜,形容词
542,的,助词
543,价格,名词
544,，,标点符号
545,让,动词
546,别,副词
547,家,量词
548,卖,动词
549,高,形容词
550,端,动词
551,的,助词
552,怎么,代词
553,想,动词
554,，,标点符号
555,太,副词
556,不,副词
557,诚信,形容词
558,了,语气词
559,！,标点符号
560,说,动词
561,好,形容词
562,的,助词
563,高,形容词
564,端,动词
565,呢,语气词
566,？,标点符号
567,如果,连词
568,这个,代词
569,公司,名词
570,以后,方位词
571,还,副词
572,这么,代词
573,干,动词
574,，,标点符号
575,我,代词
576,.,标点符号
577,.,标点符号
578,.,标点符号
579,.,标点符号
580,.,标点符号
581,.,标点符号
582,我,代词
583,还,副词
584,买,动词
585,！,标点符号
586,！,标点符号
587,终于,副词
588,在,介词
589,我,代词
590,的,助词
591,劝说,动词
592,下,方位词
593,全家,名词
594,都,副词
595,要,动词
596,换,动词
597,小米,名词
598,了,语气词
599, ,
600,评论,动词
601,配,动词
602,图,名词
603,哇,语气词
604,，,标点符号
605,第一,数词
606,哎,叹词
607,，,标点符号
608,雷,名词
609,军,名词
610,爸爸,名词
611,回,动词
612,我,代词
613,一下,数词
614,好,形容词
615,不好,形容词
616,小米,名词
617,8,数词
618,牛,名词
619,B,名词
620,月亮,名词
621,模式,名词
622,太,副词
623,强,形容词
624,了,助词
625,雷,名词
626,总,区别词
627,雷,名词
628,总,区别词
629,，,标点符号
630,日常,区别词
631,催,动词
632,平板,名词
633,5,数词
634,。,标点符号
635,。,标点符号
636,。,标点符号
637,所以,连词
638,，,标点符号
639,抽奖,动词
640,吗,语气词
641,？,标点符号
642,军军,名词
643,期待,动词
644,小米,名词
645,10,数词
646,和,连词
647,Discovery,名词
648,一起,副词
649,探索,动词
650,！,标点符号
651,平板,名词
652,5,数词
653,快,形容词
654,点,量词
655,出,动词
656,，,标点符号
657,我,代词
658,平板,名词
659,4,数词
660,不,副词
661,想,动词
662,用,动词
663,了,助词
664,明天,时间词
665,看,动词
666,大,形容词
667,片,量词
668,雷,名词
669,总,区别词
670,，,标点符号
671,我,代词
672,想,动词
673,提,动词
674,个,量词
675,建议,名词
676,，,标点符号
677,小米,名词
678,售后服务,名词
679,中心,名词
680,，,标点符号
681,能,动词
682,不,副词
683,能,动词
684,多,形容词
685,开,动词
686,一点,数词
687,啊,语气词
688,，,标点符号
689,我,代词
690,在,介词
691,北京,名词
692,，,标点符号
693,整个,区别词
694,北京,名词
695,城东,处所词
696,半,数词
697,部,量词
698,，,标点符号
699,平谷,名词
700,密云,名词
701,怀柔,名词
702,顺义,名词
703,四,数词
704,个,量词
705,区,名词
706,，,标点符号
707,您,代词
708,看看,动词
709,，,标点符号
710,一个,数词
711,售,动词
712,后,方位词
713,中心,名词
714,都,副词
715,没有,动词
716,，,标点符号
717,修,动词
718,个,量词
719,手机,名词
720,还要,动词
721,去,动词
722,昌平,名词
723,海淀,名词
724,，,标点符号
725,太,副词
726,不,副词
727,方便,形容词
728,了,语气词
729,！,标点符号
730,！,标点符号
731,起来,动词
732,搞,动词
733,点,量词
734,小,形容词
735,米,量词
736,10,数词
737,发货,动词
738,吧,语气词
739,，,标点符号
740,起来,动词
741,搞,动词
742,点,量词
743,小,形容词
744,米,量词
745,10,数词
746,发货,动词
747,吧,语气词
748,，,标点符号
749,起来,动词
750,搞,动词
751,点,量词
752,小,形容词
753,米,量词
754,10,数词
755,发货,动词
756,吧,语气词
757,，,标点符号
758,谢谢,动词
759,大,形容词
760,佬,名词
761,雷,名词
762,总,副词
763,你,代词
764,转发,动词
765,也,副词
766,是,动词
767,为了,介词
768,小米,名词
769,手,名词
770,环,名词
771,吧,语气词
772,雷,名词
773,总,区别词
774, ,
775,求,动词
776,求,动词
777,你,代词
778,去,动词
779,拧,动词
780,螺丝,名词
781,吧,语气词
782,、,标点符号
783,米,名词
784,10,数词
785,都,副词
786,6,数词
787,天,量词
788,没,副词
789,发货,动词
790,了,助词
791,小,形容词
792,米,量词
793,10,数词
794,支持,动词
795,两,数词
796,张,量词
797,电信,名词
798,卡,名词
799,吗,语气词
800,？,标点符号
801,上月,时间词
802,25,数词
803,号,量词
804,全,形容词
805,款,名词
806,预售,动词
807,的,助词
808,10pro,名词
809,至今,副词
810,未,副词
811,发,动词
812,货,名词
813,，,标点符号
814,问,动词
815,具体,形容词
816,发货,动词
817,时间,名词
818,客,名词
819,服,动词
820,一,数词
821,问,动词
822,三,数词
823,不,副词
824,知,动词
825,，,标点符号
826,别,副词
827,家,量词
828,手机,名词
829,发布,动词
830,晚,时间词
831,，,标点符号
832,但,连词
833,马上,副词
834,就,介词
835,现货,名词
836,开,动词
837,售,动词
838,了,语气词
839,，,标点符号
840,小米,名词
841,还,副词
842,有,动词
843,先,副词
844,发,动词
845,优势,名词
846,吗,语气词
847,？,标点符号
848,Discovery,名词
849,和,连词
850,小米,名词
851,我,代词
852,都,副词
853,喜欢,动词
854,跪,动词
855,求,动词
856,出,动词
857,一个,数词
858,价格,名词
859,贵,形容词
860,一点,数词
861,的,助词
862,小米,名词
863,10s,名词
864,雷,名词
865,总,区别词
866,定制,名词
867,865x,名词
868,平板,名词
869,处理器,名词
870,一举,副词
871,攻,动词
872,下,动词
873,平板,名词
874,市场,名词
875,雷,名词
876,总,区别词
877,定制,名词
878,一个,数词
879,天,名词
880,玑,名词
881,1000,数词
882,的,助词
883,平板,名词
884,吧,语气词
885,，,标点符号
886,要,动词
887,3Dtouch,名词
888,的,助词
889,，,标点符号
890,要,动词
891,有,动词
892,手,名词
893,写,动词
894,笔,名词
895, ,
896, ,
897,考,名词
898,研,动词
899,党,名词
900,很,副词
901,需要,动词
902,啊,叹词
903,小米,名词
904,就,副词
905,是,动词
906,个,量词
907,毫无,动词
908,诚信,形容词
909,、,标点符号
910,出尔反尔,动词
911,的,助词
912,公司,名词
913,！,标点符号
914,！,标点符号
915,！,标点符号
916,网络,名词
917,上,方位词
918,渲染,动词
919,了,助词
920,半天,数词
921,，,标点符号
922,今年,时间词
923,我们,代词
924,要,动词
925,冲,动词
926,高,形容词
927,端,动词
928,了,语气词
929,，,标点符号
930,我们,代词
931,下,动词
932,血本,名词
933,了,语气词
934,，,标点符号
935,要,动词
936,卖,动词
937,得,助词
938,贵,形容词
939,了,语气词
940,！,标点符号
941,就,介词
942,你,代词
943,吼,动词
944,得,助词
945,最,副词
946,早,形容词
947,，,标点符号
948,吼,动词
949,得,助词
950,最,副词
951,响,动词
952,！,标点符号
953,结果,名词
954,呢,语气词
955,，,标点符号
956,人家,代词
957,卖,动词
958,到,动词
959,6999,数词
960,去,动词
961,了,语气词
962,，,标点符号
963,你们,代词
964,还,副词
965,用,动词
966,最,副词
967,贵,形容词
968,的,助词
969,料,名词
970,卖,动词
971,着,助词
972,最,副词
973,便宜,形容词
974,的,助词
975,价格,名词
976,，,标点符号
977,让,动词
978,别,副词
979,家,量词
980,卖,动词
981,高,形容词
982,端,动词
983,的,助词
984,怎么,代词
985,想,动词
986,，,标点符号
987,太,副词
988,不,副词
989,诚信,形容词
990,了,语气词
991,！,标点符号
992,说,动词
993,好,形容词
994,的,助词
995,高,形容词
996,端,动词
997,呢,语气词
998,？,标点符号
999,如果,连词
1000,这个,代词
1001,公司,名词
1002,以后,方位词
1003,还,副词
1004,这么,代词
1005,干,动词
1006,，,标点符号
1007,我,代词
1008,.,标点符号
1009,.,标点符号
1010,.,标点符号
1011,.,标点符号
1012,.,标点符号
1013,.,标点符号
1014,我,代词
1015,还,副词
1016,买,动词
1017,！,标点符号
1018,！,标点符号
1019,终于,副词
1020,在,介词
1021,我,代词
1022,的,助词
1023,劝说,动词
1024,下,方位词
1025,全家,名词
1026,都,副词
1027,要,动词
1028,换,动词
1029,小米,名词
1030,了,语气词
1031, ,
1032,评论,动词
1033,配,动词
1034,图,名词
1035,哇,语气词
1036,，,标点符号
1037,第一,数词
1038,哎,叹词
1039,，,标点符号
1040,雷,名词
1041,军,名词
1042,爸爸,名词
1043,回,动词
1044,我,代词
1045,一下,数词
1046,好,形容词
1047,不好,形容词
1048,小米,名词
1049,8,数词
1050,牛,名词
1051,B,名词
1052,月亮,名词
1053,模式,名词
1054,太,副词
1055,强,形容词
1056,了,助词
1057,雷,名词
1058,总,区别词
1059,雷,名词
1060,总,区别词
1061,，,标点符号
1062,日常,区别词
1063,催,动词
1064,平板,名词
1065,5,数词
1066,。,标点符号
1067,。,标点符号
1068,。,标点符号
1069,所以,连词
1070,，,标点符号
1071,抽奖,动词
1072,吗,语气词
1073,？,标点符号
1074,军军,名词
1075,期待,动词
1076,小米,名词
1077,10,数词
1078,和,连词
1079,Discovery,名词
1080,一起,副词
1081,探索,动词
1082,！,标点符号
1083,平板,名词
1084,5,数词
1085,快,形容词
1086,点,量词
1087,出,动词
1088,，,标点符号
1089,我,代词
1090,平板,名词
1091,4,数词
1092,不,副词
1093,想,动词
1094,用,动词
1095,了,助词
1096,明天,时间词
1097,看,动词
1098,大,形容词
1099,片,量词
1100,雷,名词
1101,总,区别词
1102,，,标点符号
1103,我,代词
1104,想,动词
1105,提,动词
1106,个,量词
1107,建议,名词
1108,，,标点符号
1109,小米,名词
1110,售后服务,名词
1111,中心,名词
1112,，,标点符号
1113,能,动词
1114,不,副词
1115,能,动词
1116,多,形容词
1117,开,动词
1118,一点,数词
1119,啊,语气词
1120,，,标点符号
1121,我,代词
1122,在,介词
1123,北京,名词
1124,，,标点符号
1125,整个,区别词
1126,北京,名词
1127,城东,处所词
1128,半,数词
1129,部,量词
1130,，,标点符号
1131,平谷,名词
1132,密云,名词
1133,怀柔,名词
1134,顺义,名词
1135,四,数词
1136,个,量词
1137,区,名词
1138,，,标点符号
1139,您,代词
1140,看看,动词
1141,，,标点符号
1142,一个,数词
1143,售,动词
1144,后,方位词
1145,中心,名词
1146,都,副词
1147,没有,动词
1148,，,标点符号
1149,修,动词
1150,个,量词
1151,手机,名词
1152,还要,动词
1153,去,动词
1154,昌平,名词
1155,海淀,名词
1156,，,标点符号
1157,太,副词
1158,不,副词
1159,方便,形容词
1160,了,语气词
1161,！,标点符号
1162,！,标点符号
1163,起来,动词
1164,搞,动词
1165,点,量词
1166,小,形容词
1167,米,量词
1168,10,数词
1169,发货,动词
1170,吧,语气词
1171,，,标点符号
1172,起来,动词
1173,搞,动词
1174,点,量词
1175,小,形容词
1176,米,量词
1177,10,数词
1178,发货,动词
1179,吧,语气词
1180,，,标点符号
1181,起来,动词
1182,搞,动词
1183,点,量词
1184,小,形容词
1185,米,量词
1186,10,数词
1187,发货,动词
1188,吧,语气词
1189,，,标点符号
1190,谢谢,动词
1191,大,形容词
1192,佬,名词
1193,雷,名词
1194,总,副词
1195,你,代词
1196,转发,动词
1197,也,副词
1198,是,动词
1199,为了,介词
1200,小米,名词
1201,手,名词
1202,环,名词
1203,吧,语气词
1204,雷,名词
1205,总,区别词
1206, ,
1207,求,动词
1208,求,动词
1209,你,代词
1210,去,动词
1211,拧,动词
1212,螺丝,名词
1213,吧,语气词
1214,、,标点符号
1215,米,名词
1216,10,数词
1217,都,副词
1218,6,数词
1219,天,量词
1220,没,副词
1221,发货,动词
1222,了,助词
1223,小,形容词
1224,米,量词
1225,10,数词
1226,支持,动词
1227,两,数词
1228,张,量词
1229,电信,名词
1230,卡,名词
1231,吗,语气词
1232,？,标点符号
1233,上月,时间词
1234,25,数词
1235,号,量词
1236,全,形容词
1237,款,名词
1238,预售,动词
1239,的,助词
1240,10pro,名词
1241,至今,副词
1242,未,副词
1243,发,动词
1244,货,名词
1245,，,标点符号
1246,问,动词
1247,具体,形容词
1248,发货,动词
1249,时间,名词
1250,客,名词
1251,服,动词
1252,一,数词
1253,问,动词
1254,三,数词
1255,不,副词
1256,知,动词
1257,，,标点符号
1258,别,副词
1259,家,量词
1260,手机,名词
1261,发布,动词
1262,晚,时间词
1263,，,标点符号
1264,但,连词
1265,马上,副词
1266,就,介词
1267,现货,名词
1268,开,动词
1269,售,动词
1270,了,语气词
1271,，,标点符号
1272,小米,名词
1273,还,副词
1274,有,动词
1275,先,副词
1276,发,动词
1277,优势,名词
1278,吗,语气词
1279,？,标点符号
1280,Discovery,名词
1281,和,连词
1282,小米,名词
1283,我,代词
1284,都,副词
1285,喜欢,动词
1286,跪,动词
1287,求,动词
1288,出,动词
1289,一个,数词
1290,价格,名词
1291,贵,形容词
1292,一点,数词
1293,的,助词
1294,小米,名词
1295,10s,名词
1296,雷,名词
1297,总,区别词
1298,定制,名词
1299,865x,名词
1300,平板,名词
1301,处理器,名词
1302,一举,副词
1303,攻,动词
1304,下,动词
1305,平板,名词
1306,市场,名词
1307,雷,名词
1308,总,区别词
1309,定制,名词
1310,一个,数词
1311,天,名词
1312,玑,名词
1313,1000,数词
1314,的,助词
1315,平板,名词
1316,吧,语气词
1317,，,标点符号
1318,要,动词
1319,3Dtouch,名词
1320,的,助词
1321,，,标点符号
1322,要,动词
1323,有,动词
1324,手,名词
1325,写,动词
1326,笔,名词
1327, ,
1328, ,
1329,考,名词
1330,研,动词
1331,党,名词
1332,很,副词
1333,需要,动词
1334,啊,叹词
1335,小米,名词
1336,就,副词
1337,是,动词
1338,个,量词
1339,毫无,动词
1340,诚信,形容词
1341,、,标点符号
1342,出尔反尔,动词
1343,的,助词
1344,公司,名词
1345,！,标点符号
1346,！,标点符号
1347,！,标点符号
1348,网络,名词
1349,上,方位词
1350,渲染,动词
1351,了,助词
1352,半天,数词
1353,，,标点符号
1354,今年,时间词
1355,我们,代词
1356,要,动词
1357,冲,动词
1358,高,形容词
1359,端,动词
1360,了,语气词
1361,，,标点符号
1362,我们,代词
1363,下,动词
1364,血本,名词
1365,了,语气词
1366,，,标点符号
1367,要,动词
1368,卖,动词
1369,得,助词
1370,贵,形容词
1371,了,语气词
1372,！,标点符号
1373,就,介词
1374,你,代词
1375,吼,动词
1376,得,助词
1377,最,副词
1378,早,形容词
1379,，,标点符号
1380,吼,动词
1381,得,助词
1382,最,副词
1383,响,动词
1384,！,标点符号
1385,结果,名词
1386,呢,语气词
1387,，,标点符号
1388,人家,代词
1389,卖,动词
1390,到,动词
1391,6999,数词
1392,去,动词
1393,了,语气词
1394,，,标点符号
1395,你们,代词
1396,还,副词
1397,用,动词
1398,最,副词
1399,贵,形容词
1400,的,助词
1401,料,名词
1402,卖,动词
1403,着,助词
1404,最,副词
1405,便宜,形容词
1406,的,助词
1407,价格,名词
1408,，,标点符号
1409,让,动词
1410,别,副词
1411,家,量词
1412,卖,动词
1413,高,形容词
1414,端,动词
1415,的,助词
1416,怎么,代词
1417,想,动词
1418,，,标点符号
1419,太,副词
1420,不,副词
1421,诚信,形容词
1422,了,语气词
1423,！,标点符号
1424,说,动词
1425,好,形容词
1426,的,助词
1427,高,形容词
1428,端,动词
1429,呢,语气词
1430,？,标点符号
1431,如果,连词
1432,这个,代词
1433,公司,名词
1434,以后,方位词
1435,还,副词
1436,这么,代词
1437,干,动词
1438,，,标点符号
1439,我,代词
1440,.,标点符号
1441,.,标点符号
1442,.,标点符号
1443,.,标点符号
1444,.,标点符号
1445,.,标点符号
1446,我,代词
1447,还,副词
1448,买,动词
1449,！,标点符号
1450,！,标点符号
1451,终于,副词
1452,在,介词
1453,我,代词
1454,的,助词
1455,劝说,动词
1456,下,方位词
1457,全家,名词
1458,都,副词
1459,要,动词
1460,换,动词
1461,小米,名词
1462,了,语气词
1463, ,
1464,评论,动词
1465,配,动词
1466,图,名词
1467,哇,语气词
1468,，,标点符号
1469,第一,数词
1470,哎,叹词
1471,，,标点符号
1472,雷,名词
1473,军,名词
1474,爸爸,名词
1475,回,动词
1476,我,代词
1477,一下,数词
1478,好,形容词
1479,不好,形容词
1480,小米,名词
1481,8,数词
1482,牛,名词
1483,B,名词
1484,月亮,名词
1485,模式,名词
1486,太,副词
1487,强,形容词
1488,了,助词
1489,雷,名词
1490,总,区别词
1491,雷,名词
1492,总,区别词
1493,，,标点符号
1494,日常,区别词
1495,催,动词
1496,平板,名词
1497,5,数词
1498,。,标点符号
1499,。,标点符号
1500,。,标点符号
1501,所以,连词
1502,，,标点符号
1503,抽奖,动词
1504,吗,语气词
1505,？,标点符号
1506,军军,名词
1507,期待,动词
1508,小米,名词
1509,10,数词
1510,和,连词
1511,Discovery,名词
1512,一起,副词
1513,探索,动词
1514,！,标点符号
1515,平板,名词
1516,5,数词
1517,快,形容词
1518,点,量词
1519,出,动词
1520,，,标点符号
1521,我,代词
1522,平板,名词
1523,4,数词
1524,不,副词
1525,想,动词
1526,用,动词
1527,了,助词
1528,明天,时间词
1529,看,动词
1530,大,形容词
1531,片,量词
1532,雷,名词
1533,总,区别词
1534,，,标点符号
1535,我,代词
1536,想,动词
1537,提,动词
1538,个,量词
1539,建议,名词
1540,，,标点符号
1541,小米,名词
1542,售后服务,名词
1543,中心,名词
1544,，,标点符号
1545,能,动词
1546,不,副词
1547,能,动词
1548,多,形容词
1549,开,动词
1550,一点,数词
1551,啊,语气词
1552,，,标点符号
1553,我,代词
1554,在,介词
1555,北京,名词
1556,，,标点符号
1557,整个,区别词
1558,北京,名词
1559,城东,处所词
1560,半,数词
1561,部,量词
1562,，,标点符号
1563,平谷,名词
1564,密云,名词
1565,怀柔,名词
1566,顺义,名词
1567,四,数词
1568,个,量词
1569,区,名词
1570,，,标点符号
1571,您,代词
1572,看看,动词
1573,，,标点符号
1574,一个,数词
1575,售,动词
1576,后,方位词
1577,中心,名词
1578,都,副词
1579,没有,动词
1580,，,标点符号
1581,修,动词
1582,个,量词
1583,手机,名词
1584,还要,动词
1585,去,动词
1586,昌平,名词
1587,海淀,名词
1588,，,标点符号
1589,太,副词
1590,不,副词
1591,方便,形容词
1592,了,语气词
1593,！,标点符号
1594,！,标点符号
1595,起来,动词
1596,搞,动词
1597,点,量词
1598,小,形容词
1599,米,量词
1600,10,数词
1601,发货,动词
1602,吧,语气词
1603,，,标点符号
1604,起来,动词
1605,搞,动词
1606,点,量词
1607,小,形容词
1608,米,量词
1609,10,数词
1610,发货,动词
1611,吧,语气词
1612,，,标点符号
1613,起来,动词
1614,搞,动词
1615,点,量词
1616,小,形容词
1617,米,量词
1618,10,数词
1619,发货,动词
1620,吧,语气词
1621,，,标点符号
1622,谢谢,动词
1623,大,形容词
1624,佬,名词
1625,雷,名词
1626,总,副词
1627,你,代词
1628,转发,动词
1629,也,副词
1630,是,动词
1631,为了,介词
1632,小米,名词
1633,手,名词
1634,环,名词
1635,吧,语气词
1636,雷,名词
1637,总,区别词
1638, ,
1639,求,动词
1640,求,动词
1641,你,代词
1642,去,动词
1643,拧,动词
1644,螺丝,名词
1645,吧,语气词
1646,、,标点符号
1647,米,名词
1648,10,数词
1649,都,副词
1650,6,数词
1651,天,量词
1652,没,副词
1653,发货,动词
1654,了,助词
1655,小,形容词
1656,米,量词
1657,10,数词
1658,支持,动词
1659,两,数词
1660,张,量词
1661,电信,名词
1662,卡,名词
1663,吗,语气词
1664,？,标点符号
1665,上月,时间词
1666,25,数词
1667,号,量词
1668,全,形容词
1669,款,名词
1670,预售,动词
1671,的,助词
1672,10pro,名词
1673,至今,副词
1674,未,副词
1675,发,动词
1676,货,名词
1677,，,标点符号
1678,问,动词
1679,具体,形容词
1680,发货,动词
1681,时间,名词
1682,客,名词
1683,服,动词
1684,一,数词
1685,问,动词
1686,三,数词
1687,不,副词
1688,知,动词
1689,，,标点符号
1690,别,副词
1691,家,量词
1692,手机,名词
1693,发布,动词
1694,晚,时间词
1695,，,标点符号
1696,但,连词
1697,马上,副词
1698,就,介词
1699,现货,名词
1700,开,动词
1701,售,动词
1702,了,语气词
1703,，,标点符号
1704,小米,名词
1705,还,副词
1706,有,动词
1707,先,副词
1708,发,动词
1709,优势,名词
1710,吗,语气词
1711,？,标点符号
1712,Discovery,名词
1713,和,连词
1714,小米,名词
1715,我,代词
1716,都,副词
1717,喜欢,动词
1718,跪,动词
1719,求,动词
1720,出,动词
1721,一个,数词
1722,价格,名词
1723,贵,形容词
1724,一点,数词
1725,的,助词
1726,小米,名词
1727,10s,名词
1728,雷,名词
1729,总,区别词
1730,定制,名词
1731,865x,名词
1732,平板,名词
1733,处理器,名词
1734,一举,副词
1735,攻,动词
1736,下,动词
1737,平板,名词
1738,市场,名词
1739,雷,名词
1740,总,区别词
1741,定制,名词
1742,一个,数词
1743,天,名词
1744,玑,名词
1745,1000,数词
1746,的,助词
1747,平板,名词
1748,吧,语气词
1749,，,标点符号
1750,要,动词
1751,3Dtouch,名词
1752,的,助词
1753,，,标点符号
1754,要,动词
1755,有,动词
1756,手,名词
1757,写,动词
1758,笔,名词
1759, ,
1760, ,
1761,考,名词
1762,研,动词
1763,党,名词
1764,很,副词
1765,需要,动词
1766,啊,叹词
1767,小米,名词
1768,就,副词
1769,是,动词
1770,个,量词
1771,毫无,动词
1772,诚信,形容词
1773,、,标点符号
1774,出尔反尔,动词
1775,的,助词
1776,公司,名词
1777,！,标点符号
1778,！,标点符号
1779,！,标点符号
1780,网络,名词
1781,上,方位词
1782,渲染,动词
1783,了,助词
1784,半天,数词
1785,，,标点符号
1786,今年,时间词
1787,我们,代词
1788,要,动词
1789,冲,动词
1790,高,形容词
1791,端,动词
1792,了,语气词
1793,，,标点符号
1794,我们,代词
1795,下,动词
1796,血本,名词
1797,了,语气词
1798,，,标点符号
1799,要,动词
1800,卖,动词
1801,得,助词
1802,贵,形容词
1803,了,语气词
1804,！,标点符号
1805,就,介词
1806,你,代词
1807,吼,动词
1808,得,助词
1809,最,副词
1810,早,形容词
1811,，,标点符号
1812,吼,动词
1813,得,助词
1814,最,副词
1815,响,动词
1816,！,标点符号
1817,结果,名词
1818,呢,语气词
1819,，,标点符号
1820,人家,代词
1821,卖,动词
1822,到,动词
1823,6999,数词
1824,去,动词
1825,了,语气词
1826,，,标点符号
1827,你们,代词
1828,还,副词
1829,用,动词
1830,最,副词
1831,贵,形容词
1832,的,助词
1833,料,名词
1834,卖,动词
1835,着,助词
1836,最,副词
1837,便宜,形容词
1838,的,助词
1839,价格,名词
1840,，,标点符号
1841,让,动词
1842,别,副词
1843,家,量词
1844,卖,动词
1845,高,形容词
1846,端,动词
1847,的,助词
1848,怎么,代词
1849,想,动词
1850,，,标点符号
1851,太,副词
1852,不,副词
1853,诚信,形容词
1854,了,语气词
1855,！,标点符号
1856,说,动词
1857,好,形容词
1858,的,助词
1859,高,形容词
1860,端,动词
1861,呢,语气词
1862,？,标点符号
1863,如果,连词
1864,这个,代词
1865,公司,名词
1866,以后,方位词
1867,还,副词
1868,这么,代词
1869,干,动词
1870,，,标点符号
1871,我,代词
1872,.,标点符号
1873,.,标点符号
1874,.,标点符号
1875,.,标点符号
1876,.,标点符号
1877,.,标点符号
1878,我,代词
1879,还,副词
1880,买,动词
1881,！,标点符号
1882,！,标点符号
1883,终于,副词
1884,在,介词
1885,我,代词
1886,的,助词
1887,劝说,动词
1888,下,方位词
1889,全家,名词
1890,都,副词
1891,要,动词
1892,换,动词
1893,小米,名词
1894,了,语气词
1895, ,
1896,评论,动词
1897,配,动词
1898,图,名词
1899,哇,语气词
1900,，,标点符号
1901,第一,数词
1902,哎,叹词
1903,，,标点符号
1904,雷,名词
1905,军,名词
1906,爸爸,名词
1907,回,动词
1908,我,代词
1909,一下,数词
1910,好,形容词
1911,不好,形容词
1912,小米,名词
1913,8,数词
1914,牛,名词
1915,B,名词
1916,月亮,名词
1917,模式,名词
1918,太,副词
1919,强,形容词
1920,了,助词
1921,雷,名词
1922,总,区别词
1923,雷,名词
1924,总,区别词
1925,，,标点符号
1926,日常,区别词
1927,催,动词
1928,平板,名词
1929,5,数词
1930,。,标点符号
1931,。,标点符号
1932,。,标点符号
1933,所以,连词
1934,，,标点符号
1935,抽奖,动词
1936,吗,语气词
1937,？,标点符号
1938,军军,名词
1939,期待,动词
1940,小米,名词
1941,10,数词
1942,和,连词
1943,Discovery,名词
1944,一起,副词
1945,探索,动词
1946,！,标点符号
1947,平板,名词
1948,5,数词
1949,快,形容词
1950,点,量词
1951,出,动词
1952,，,标点符号
1953,我,代词
1954,平板,名词
1955,4,数词
1956,不,副词
1957,想,动词
1958,用,动词
1959,了,助词
1960,明天,时间词
1961,看,动词
1962,大,形容词
1963,片,量词
1964,雷,名词
1965,总,区别词
1966,，,标点符号
1967,我,代词
1968,想,动词
1969,提,动词
1970,个,量词
1971,建议,名词
1972,，,标点符号
1973,小米,名词
1974,售后服务,名词
1975,中心,名词
1976,，,标点符号
1977,能,动词
1978,不,副词
1979,能,动词
1980,多,形容词
1981,开,动词
1982,一点,数词
1983,啊,语气词
1984,，,标点符号
1985,我,代词
1986,在,介词
1987,北京,名词
1988,，,标点符号
1989,整个,区别词
1990,北京,名词
1991,城东,处所词
1992,半,数词
1993,部,量词
1994,，,标点符号
1995,平谷,名词
1996,密云,名词
1997,怀柔,名词
1998,顺义,名词
1999,四,数词
2000,个,量词
2001,区,名词
2002,，,标点符号
2003,您,代词
2004,看看,动词
2005,，,标点符号
2006,一个,数词
2007,售,动词
2008,后,方位词
2009,中心,名词
2010,都,副词
2011,没有,动词
2012,，,标点符号
2013,修,动词
2014,个,量词
2015,手机,名词
2016,还要,动词
2017,去,动词
2018,昌平,名词
2019,海淀,名词
2020,，,标点符号
2021,太,副词
2022,不,副词
2023,方便,形容词
2024,了,语气词
2025,！,标点符号
2026,！,标点符号
2027,起来,动词
2028,搞,动词
2029,点,量词
2030,小,形容词
2031,米,量词
2032,10,数词
2033,发货,动词
2034,吧,语气词
2035,，,标点符号
2036,起来,动词
2037,搞,动词
2038,点,量词
2039,小,形容词
2040,米,量词
2041,10,数词
2042,发货,动词
2043,吧,语气词
2044,，,标点符号
2045,起来,动词
2046,搞,动词
2047,点,量词
2048,小,形容词
2049,米,量词
2050,10,数词
2051,发货,动词
2052,吧,语气词
2053,，,标点符号
2054,谢谢,动词
2055,大,形容词
2056,佬,名词
2057,雷,名词
2058,总,副词
2059,你,代词
2060,转发,动词
2061,也,副词
2062,是,动词
2063,为了,介词
2064,小米,名词
2065,手,名词
2066,环,名词
2067,吧,语气词
2068,雷,名词
2069,总,区别词
2070, ,
2071,求,动词
2072,求,动词
2073,你,代词
2074,去,动词
2075,拧,动词
2076,螺丝,名词
2077,吧,语气词
2078,、,标点符号
2079,米,名词
2080,10,数词
2081,都,副词
2082,6,数词
2083,天,量词
2084,没,副词
2085,发货,动词
2086,了,助词
2087,小,形容词
2088,米,量词
2089,10,数词
2090,支持,动词
2091,两,数词
2092,张,量词
2093,电信,名词
2094,卡,名词
2095,吗,语气词
2096,？,标点符号
2097,上月,时间词
2098,25,数词
2099,号,量词
2100,全,形容词
2101,款,名词
2102,预售,动词
2103,的,助词
2104,10pro,名词
2105,至今,副词
2106,未,副词
2107,发,动词
2108,货,名词
2109,，,标点符号
2110,问,动词
2111,具体,形容词
2112,发货,动词
2113,时间,名词
2114,客,名词
2115,服,动词
2116,一,数词
2117,问,动词
2118,三,数词
2119,不,副词
2120,知,动词
2121,，,标点符号
2122,别,副词
2123,家,量词
2124,手机,名词
2125,发布,动词
2126,晚,时间词
2127,，,标点符号
2128,但,连词
2129,马上,副词
2130,就,介词
2131,现货,名词
2132,开,动词
2133,售,动词
2134,了,语气词
2135,，,标点符号
2136,小米,名词
2137,还,副词
2138,有,动词
2139,先,副词
2140,发,动词
2141,优势,名词
2142,吗,语气词
2143,？,标点符号
2144,Discovery,名词
2145,和,连词
2146,小米,名词
2147,我,代词
2148,都,副词
2149,喜欢,动词
2150,跪,动词
2151,求,动词
2152,出,动词
2153,一个,数词
2154,价格,名词
2155,贵,形容词
2156,一点,数词
2157,的,助词
2158,小米,名词
2159,10s,名词
2160,雷,名词
2161,总,区别词
2162,定制,名词
2163,865x,名词
2164,平板,名词
2165,处理器,名词
2166,一举,副词
2167,攻,动词
2168,下,动词
2169,平板,名词
2170,市场,名词
2171,雷,名词
2172,总,区别词
2173,定制,名词
2174,一个,数词
2175,天,名词
2176,玑,名词
2177,1000,数词
2178,的,助词
2179,平板,名词
2180,吧,语气词
2181,，,标点符号
2182,要,动词
2183,3Dtouch,名词
2184,的,助词
2185,，,标点符号
2186,要,动词
2187,有,动词
2188,手,名词
2189,写,动词
2190,笔,名词
2191, ,
2192, ,
2193,考,名词
2194,研,动词
2195,党,名词
2196,很,副词
2197,需要,动词
2198,啊,叹词
2199,小米,名词
2200,就,副词
2201,是,动词
2202,个,量词
2203,毫无,动词
2204,诚信,形容词
2205,、,标点符号
2206,出尔反尔,动词
2207,的,助词
2208,公司,名词
2209,！,标点符号
2210,！,标点符号
2211,！,标点符号
2212,网络,名词
2213,上,方位词
2214,渲染,动词
2215,了,助词
2216,半天,数词
2217,，,标点符号
2218,今年,时间词
2219,我们,代词
2220,要,动词
2221,冲,动词
2222,高,形容词
2223,端,动词
2224,了,语气词
2225,，,标点符号
2226,我们,代词
2227,下,动词
2228,血本,名词
2229,了,语气词
2230,，,标点符号
2231,要,动词
2232,卖,动词
2233,得,助词
2234,贵,形容词
2235,了,语气词
2236,！,标点符号
2237,就,介词
2238,你,代词
2239,吼,动词
2240,得,助词
2241,最,副词
2242,早,形容词
2243,，,标点符号
2244,吼,动词
2245,得,助词
2246,最,副词
2247,响,动词
2248,！,标点符号
2249,结果,名词
2250,呢,语气词
2251,，,标点符号
2252,人家,代词
2253,卖,动词
2254,到,动词
2255,6999,数词
2256,去,动词
2257,了,语气词
2258,，,标点符号
2259,你们,代词
2260,还,副词
2261,用,动词
2262,最,副词
2263,贵,形容词
2264,的,助词
2265,料,名词
2266,卖,动词
2267,着,助词
2268,最,副词
2269,便宜,形容词
2270,的,助词
2271,价格,名词
2272,，,标点符号
2273,让,动词
2274,别,副词
2275,家,量词
2276,卖,动词
2277,高,形容词
2278,端,动词
2279,的,助词
2280,怎么,代词
2281,想,动词
2282,，,标点符号
2283,太,副词
2284,不,副词
2285,诚信,形容词
2286,了,语气词
2287,！,标点符号
2288,说,动词
2289,好,形容词
2290,的,助词
2291,高,形容词
2292,端,动词
2293,呢,语气词
2294,？,标点符号
2295,如果,连词
2296,这个,代词
2297,公司,名词
2298,以后,方位词
2299,还,副词
2300,这么,代词
2301,干,动词
2302,，,标点符号
2303,我,代词
2304,.,标点符号
2305,.,标点符号
2306,.,标点符号
2307,.,标点符号
2308,.,标点符号
2309,.,标点符号
2310,我,代词
2311,还,副词
2312,买,动词
2313,！,标点符号
2314,！,标点符号
2315,终于,副词
2316,在,介词
2317,我,代词
2318,的,助词
2319,劝说,动词
2320,下,方位词
2321,全家,名词
2322,都,副词
2323,要,动词
2324,换,动词
2325,小米,名词
2326,了,语气词
2327, ,
2328,评论,动词
2329,配,动词
2330,图,名词
2331,哇,语气词
2332,，,标点符号
2333,第一,数词
2334,哎,叹词
2335,，,标点符号
2336,雷,名词
2337,军,名词
2338,爸爸,名词
2339,回,动词
2340,我,代词
2341,一下,数词
2342,好,形容词
2343,不好,形容词
2344,小米,名词
2345,8,数词
2346,牛,名词
2347,B,名词
2348,月亮,名词
2349,模式,名词
2350,太,副词
2351,强,形容词
2352,了,助词
2353,雷,名词
2354,总,区别词
2355,雷,名词
2356,总,区别词
2357,，,标点符号
2358,日常,区别词
2359,催,动词
2360,平板,名词
2361,5,数词
2362,。,标点符号
2363,。,标点符号
2364,。,标点符号
2365,所以,连词
2366,，,标点符号
2367,抽奖,动词
2368,吗,语气词
2369,？,标点符号
2370,军军,名词
2371,期待,动词
2372,小米,名词
2373,10,数词
2374,和,连词
2375,Discovery,名词
2376,一起,副词
2377,探索,动词
2378,！,标点符号
2379,平板,名词
2380,5,数词
2381,快,形容词
2382,点,量词
2383,出,动词
2384,，,标点符号
2385,我,代词
2386,平板,名词
2387,4,数词
2388,不,副词
2389,想,动词
2390,用,动词
2391,了,助词
2392,明天,时间词
2393,看,动词
2394,大,形容词
2395,片,量词
2396,雷,名词
2397,总,区别词
2398,，,标点符号
2399,我,代词
2400,想,动词
2401,提,动词
2402,个,量词
2403,建议,名词
2404,，,标点符号
2405,小米,名词
2406,售后服务,名词
2407,中心,名词
2408,，,标点符号
2409,能,动词
2410,不,副词
2411,能,动词
2412,多,形容词
2413,开,动词
2414,一点,数词
2415,啊,语气词
2416,，,标点符号
2417,我,代词
2418,在,介词
2419,北京,名词
2420,，,标点符号
2421,整个,区别词
2422,北京,名词
2423,城东,处所词
2424,半,数词
2425,部,量词
2426,，,标点符号
2427,平谷,名词
2428,密云,名词
2429,怀柔,名词
2430,顺义,名词
2431,四,数词
2432,个,量词
2433,区,名词
2434,，,标点符号
2435,您,代词
2436,看看,动词
2437,，,标点符号
2438,一个,数词
2439,售,动词
2440,后,方位词
2441,中心,名词
2442,都,副词
2443,没有,动词
2444,，,标点符号
2445,修,动词
2446,个,量词
2447,手机,名词
2448,还要,动词
2449,去,动词
2450,昌平,名词
2451,海淀,名词
2452,，,标点符号
2453,太,副词
2454,不,副词
2455,方便,形容词
2456,了,语气词
2457,！,标点符号
2458,！,标点符号
2459,起来,动词
2460,搞,动词
2461,点,量词
2462,小,形容词
2463,米,量词
2464,10,数词
2465,发货,动词
2466,吧,语气词
2467,，,标点符号
2468,起来,动词
2469,搞,动词
2470,点,量词
2471,小,形容词
2472,米,量词
2473,10,数词
2474,发货,动词
2475,吧,语气词
2476,，,标点符号
2477,起来,动词
2478,搞,动词
2479,点,量词
2480,小,形容词
2481,米,量词
2482,10,数词
2483,发货,动词
2484,吧,语气词
2485,，,标点符号
2486,谢谢,动词
2487,大,形容词
2488,佬,名词
2489,雷,名词
2490,总,副词
2491,你,代词
2492,转发,动词
2493,也,副词
2494,是,动词
2495,为了,介词
2496,小米,名词
2497,手,名词
2498,环,名词
2499,吧,语气词
2500,雷,名词
2501,总,区别词
2502, ,
2503,求,动词
2504,求,动词
2505,你,代词
2506,去,动词
2507,拧,动词
2508,螺丝,名词
2509,吧,语气词
2510,、,标点符号
2511,米,名词
2512,10,数词
2513,都,副词
2514,6,数词
2515,天,量词
2516,没,副词
2517,发货,动词
2518,了,助词
2519,小,形容词
2520,米,量词
2521,10,数词
2522,支持,动词
2523,两,数词
2524,张,量词
2525,电信,名词
2526,卡,名词
2527,吗,语气词
2528,？,标点符号
2529,上月,时间词
2530,25,数词
2531,号,量词
2532,全,形容词
2533,款,名词
2534,预售,动词
2535,的,助词
2536,10pro,名词
2537,至今,副词
2538,未,副词
2539,发,动词
2540,货,名词
2541,，,标点符号
2542,问,动词
2543,具体,形容词
2544,发货,动词
2545,时间,名词
2546,客,名词
2547,服,动词
2548,一,数词
2549,问,动词
2550,三,数词
2551,不,副词
2552,知,动词
2553,，,标点符号
2554,别,副词
2555,家,量词
2556,手机,名词
2557,发布,动词
2558,晚,时间词
2559,，,标点符号
2560,但,连词
2561,马上,副词
2562,就,介词
2563,现货,名词
2564,开,动词
2565,售,动词
2566,了,语气词
2567,，,标点符号
2568,小米,名词
2569,还,副词
2570,有,动词
2571,先,副词
2572,发,动词
2573,优势,名词
2574,吗,语气词
2575,？,标点符号
2576,Discovery,名词
2577,和,连词
2578,小米,名词
2579,我,代词
2580,都,副词
2581,喜欢,动词
2582,跪,动词
2583,求,动词
2584,出,动词
2585,一个,数词
2586,价格,名词
2587,贵,形容词
2588,一点,数词
2589,的,助词
2590,小米,名词
2591,10s,名词
2592,雷,名词
2593,总,区别词
2594,定制,名词
2595,865x,名词
2596,平板,名词
2597,处理器,名词
2598,一举,副词
2599,攻,动词
2600,下,动词
2601,平板,名词
2602,市场,名词
2603,雷,名词
2604,总,区别词
2605,定制,名词
2606,一个,数词
2607,天,名词
2608,玑,名词
2609,1000,数词
2610,的,助词
2611,平板,名词
2612,吧,语气词
2613,，,标点符号
2614,要,动词
2615,3Dtouch,名词
2616,的,助词
2617,，,标点符号
2618,要,动词
2619,有,动词
2620,手,名词
2621,写,动词
2622,笔,名词
2623, ,
2624, ,
2625,考,名词
2626,研,动词
2627,党,名词
2628,很,副词
2629,需要,动词
2630,啊,叹词
2631,小米,名词
2632,就,副词
2633,是,动词
2634,个,量词
2635,毫无,动词
2636,诚信,形容词
2637,、,标点符号
2638,出尔反尔,动词
2639,的,助词
2640,公司,名词
2641,！,标点符号
2642,！,标点符号
2643,！,标点符号
2644,网络,名词
2645,上,方位词
2646,渲染,动词
2647,了,助词
2648,半天,数词
2649,，,标点符号
2650,今年,时间词
2651,我们,代词
2652,要,动词
2653,冲,动词
2654,高,形容词
2655,端,动词
2656,了,语气词
2657,，,标点符号
2658,我们,代词
2659,下,动词
2660,血本,名词
2661,了,语气词
2662,，,标点符号
2663,要,动词
2664,卖,动词
2665,得,助词
2666,贵,形容词
2667,了,语气词
2668,！,标点符号
2669,就,介词
2670,你,代词
2671,吼,动词
2672,得,助词
2673,最,副词
2674,早,形容词
2675,，,标点符号
2676,吼,动词
2677,得,助词
2678,最,副词
2679,响,动词
2680,！,标点符号
2681,结果,名词
2682,呢,语气词
2683,，,标点符号
2684,人家,代词
2685,卖,动词
2686,到,动词
2687,6999,数词
2688,去,动词
2689,了,语气词
2690,，,标点符号
2691,你们,代词
2692,还,副词
2693,用,动词
2694,最,副词
2695,贵,形容词
2696,的,助词
2697,料,名词
2698,卖,动词
2699,着,助词
2700,最,副词
2701,便宜,形容词
2702,的,助词
2703,价格,名词
2704,，,标点符号
2705,让,动词
2706,别,副词
2707,家,量词
2708,卖,动词
2709,高,形容词
2710,端,动词
2711,的,助词
2712,怎么,代词
2713,想,动词
2714,，,标点符号
2715,太,副词
2716,不,副词
2717,诚信,形容词
2718,了,语气词
2719,！,标点符号
2720,说,动词
2721,好,形容词
2722,的,助词
2723,高,形容词
2724,端,动词
2725,呢,语气词
2726,？,标点符号
2727,如果,连词
2728,这个,代词
2729,公司,名词
2730,以后,方位词
2731,还,副词
2732,这么,代词
2733,干,动词
2734,，,标点符号
2735,我,代词
2736,.,标点符号
2737,.,标点符号
2738,.,标点符号
2739,.,标点符号
2740,.,标点符号
2741,.,标点符号
2742,我,代词
2743,还,副词
2744,买,动词
2745,！,标点符号
2746,！,标点符号
2747,终于,副词
2748,在,介词
2749,我,代词
2750,的,助词
2751,劝说,动词
2752,下,方位词
2753,全家,名词
2754,都,副词
2755,要,动词
2756,换,动词
2757,小米,名词
2758,了,语气词
2759, ,
2760,评论,动词
2761,配,动词
2762,图,名词
2763,哇,语气词
2764,，,标点符号
2765,第一,数词
2766,哎,叹词
2767,，,标点符号
2768,雷,名词
2769,军,名词
2770,爸爸,名词
2771,回,动词
2772,我,代词
2773,一下,数词
2774,好,形容词
2775,不好,形容词
2776,小米,名词
2777,8,数词
2778,牛,名词
2779,B,名词
2780,月亮,名词
2781,模式,名词
2782,太,副词
2783,强,形容词
2784,了,助词
2785,雷,名词
2786,总,区别词
2787,雷,名词
2788,总,区别词
2789,，,标点符号
2790,日常,区别词
2791,催,动词
2792,平板,名词
2793,5,数词
2794,。,标点符号
2795,。,标点符号
2796,。,标点符号
2797,所以,连词
2798,，,标点符号
2799,抽奖,动词
2800,吗,语气词
2801,？,标点符号
2802,军军,名词
2803,期待,动词
2804,小米,名词
2805,10,数词
2806,和,连词
2807,Discovery,名词
2808,一起,副词
2809,探索,动词
2810,！,标点符号
2811,平板,名词
2812,5,数词
2813,快,形容词
2814,点,量词
2815,出,动词
2816,，,标点符号
2817,我,代词
2818,平板,名词
2819,4,数词
2820,不,副词
2821,想,动词
2822,用,动词
2823,了,助词
2824,明天,时间词
2825,看,动词
2826,大,形容词
2827,片,量词
2828,雷,名词
2829,总,区别词
2830,，,标点符号
2831,我,代词
2832,想,动词
2833,提,动词
2834,个,量词
2835,建议,名词
2836,，,标点符号
2837,小米,名词
2838,售后服务,名词
2839,中心,名词
2840,，,标点符号
2841,能,动词
2842,不,副词
2843,能,动词
2844,多,形容词
2845,开,动词
2846,一点,数词
2847,啊,语气词
2848,，,标点符号
2849,我,代词
2850,在,介词
2851,北京,名词
2852,，,标点符号
2853,整个,区别词
2854,北京,名词
2855,城东,处所词
2856,半,数词
2857,部,量词
2858,，,标点符号
2859,平谷,名词
2860,密云,名词
2861,怀柔,名词
2862,顺义,名词
2863,四,数词
2864,个,量词
2865,区,名词
2866,，,标点符号
2867,您,代词
2868,看看,动词
2869,，,标点符号
2870,一个,数词
2871,售,动词
2872,后,方位词
2873,中心,名词
2874,都,副词
2875,没有,动词
2876,，,标点符号
2877,修,动词
2878,个,量词
2879,手机,名词
2880,还要,动词
2881,去,动词
2882,昌平,名词
2883,海淀,名词
2884,，,标点符号
2885,太,副词
2886,不,副词
2887,方便,形容词
2888,了,语气词
2889,！,标点符号
2890,！,标点符号
2891,起来,动词
2892,搞,动词
2893,点,量词
2894,小,形容词
2895,米,量词
2896,10,数词
2897,发货,动词
2898,吧,语气词
2899,，,标点符号
2900,起来,动词
2901,搞,动词
2902,点,量词
2903,小,形容词
2904,米,量词
2905,10,数词
2906,发货,动词
2907,吧,语气词
2908,，,标点符号
2909,起来,动词
2910,搞,动词
2911,点,量词
2912,小,形容词
2913,米,量词
2914,10,数词
2915,发货,动词
2916,吧,语气词
2917,，,标点符号
2918,谢谢,动词
2919,大,形容词
2920,佬,名词
2921,雷,名词
2922,总,副词
2923,你,代词
2924,转发,动词
2925,也,副词
2926,是,动词
2927,为了,介词
2928,小米,名词
2929,手,名词
2930,环,名词
2931,吧,语气词
2932,雷,名词
2933,总,区别词
2934, ,
2935,求,动词
2936,求,动词
2937,你,代词
2938,去,动词
2939,拧,动词
2940,螺丝,名词
2941,吧,语气词
2942,、,标点符号
2943,米,名词
2944,10,数词
2945,都,副词
2946,6,数词
2947,天,量词
2948,没,副词
2949,发货,动词
2950,了,助词
2951,小,形容词
2952,米,量词
2953,10,数词
2954,支持,动词
2955,两,数词
2956,张,量词
2957,电信,名词
2958,卡,名词
2959,吗,语气词
2960,？,标点符号
2961,上月,时间词
2962,25,数词
2963,号,量词
2964,全,形容词
2965,款,名词
2966,预售,动词
2967,的,助词
2968,10pro,名词
2969,至今,副词
2970,未,副词
2971,发,动词
2972,货,名词
2973,，,标点符号
2974,问,动词
2975,具体,形容词
2976,发货,动词
2977,时间,名词
2978,客,名词
2979,服,动词
2980,一,数词
2981,问,动词
2982,三,数词
2983,不,副词
2984,知,动词
2985,，,标点符号
2986,别,副词
2987,家,量词
2988,手机,名词
2989,发布,动词
2990,晚,时间词
2991,，,标点符号
2992,但,连词
2993,马上,副词
2994,就,介词
2995,现货,名词
2996,开,动词
2997,售,动词
2998,了,语气词
2999,，,标点符号
3000,小米,名词
3001,还,副词
3002,有,动词
3003,先,副词
3004,发,动词
3005,优势,名词
3006,吗,语气词
3007,？,标点符号
3008,Discovery,名词
3009,和,连词
3010,小米,名词
3011,我,代词
3012,都,副词
3013,喜欢,动词
3014,跪,动词
3015,求,动词
3016,出,动词
3017,一个,数词
3018,价格,名词
3019,贵,形容词
3020,一点,数词
3021,的,助词
3022,小米,名词
3023,10s,名词
3024,雷,名词
3025,总,区别词
3026,定制,名词
3027,865x,名词
3028,平板,名词
3029,处理器,名词
3030,一举,副词
3031,攻,动词
3032,下,动词
3033,平板,名词
3034,市场,名词
3035,雷,名词
3036,总,区别词
3037,定制,名词
3038,一个,数词
3039,天,名词
3040,玑,名词
3041,1000,数词
3042,的,助词
3043,平板,名词
3044,吧,语气词
3045,，,标点符号
3046,要,动词
3047,3Dtouch,名词
3048,的,助词
3049,，,标点符号
3050,要,动词
3051,有,动词
3052,手,名词
3053,写,动词
3054,笔,名词
3055, ,
3056, ,
3057,考,名词
3058,研,动词
3059,党,名词
3060,很,副词
3061,需要,动词
3062,啊,叹词
3063,小米,名词
3064,就,副词
3065,是,动词
3066,个,量词
3067,毫无,动词
3068,诚信,形容词
3069,、,标点符号
3070,出尔反尔,动词
3071,的,助词
3072,公司,名词
3073,！,标点符号
3074,！,标点符号
3075,！,标点符号
3076,网络,名词
3077,上,方位词
3078,渲染,动词
3079,了,助词
3080,半天,数词
3081,，,标点符号
3082,今年,时间词
3083,我们,代词
3084,要,动词
3085,冲,动词
3086,高,形容词
3087,端,动词
3088,了,语气词
3089,，,标点符号
3090,我们,代词
3091,下,动词
3092,血本,名词
3093,了,语气词
3094,，,标点符号
3095,要,动词
3096,卖,动词
3097,得,助词
3098,贵,形容词
3099,了,语气词
3100,！,标点符号
3101,就,介词
3102,你,代词
3103,吼,动词
3104,得,助词
3105,最,副词
3106,早,形容词
3107,，,标点符号
3108,吼,动词
3109,得,助词
3110,最,副词
3111,响,动词
3112,！,标点符号
3113,结果,名词
3114,呢,语气词
3115,，,标点符号
3116,人家,代词
3117,卖,动词
3118,到,动词
3119,6999,数词
3120,去,动词
3121,了,语气词
3122,，,标点符号
3123,你们,代词
3124,还,副词
3125,用,动词
3126,最,副词
3127,贵,形容词
3128,的,助词
3129,料,名词
3130,卖,动词
3131,着,助词
3132,最,副词
3133,便宜,形容词
3134,的,助词
3135,价格,名词
3136,，,标点符号
3137,让,动词
3138,别,副词
3139,家,量词
3140,卖,动词
3141,高,形容词
3142,端,动词
3143,的,助词
3144,怎么,代词
3145,想,动词
3146,，,标点符号
3147,太,副词
3148,不,副词
3149,诚信,形容词
3150,了,语气词
3151,！,标点符号
3152,说,动词
3153,好,形容词
3154,的,助词
3155,高,形容词
3156,端,动词
3157,呢,语气词
3158,？,标点符号
3159,如果,连词
3160,这个,代词
3161,公司,名词
3162,以后,方位词
3163,还,副词
3164,这么,代词
3165,干,动词
3166,，,标点符号
3167,我,代词
3168,.,标点符号
3169,.,标点符号
3170,.,标点符号
3171,.,标点符号
3172,.,标点符号
3173,.,标点符号
3174,我,代词
3175,还,副词
3176,买,动词
3177,！,标点符号
3178,！,标点符号
3179,终于,副词
3180,在,介词
3181,我,代词
3182,的,助词
3183,劝说,动词
3184,下,方位词
3185,全家,名词
3186,都,副词
3187,要,动词
3188,换,动词
3189,小米,名词
3190,了,语气词
3191, ,
3192,评论,动词
3193,配,动词
3194,图,名词
3195,哇,语气词
3196,，,标点符号
3197,第一,数词
3198,哎,叹词
3199,，,标点符号
3200,雷,名词
3201,军,名词
3202,爸爸,名词
3203,回,动词
3204,我,代词
3205,一下,数词
3206,好,形容词
3207,不好,形容词
3208,小米,名词
3209,8,数词
3210,牛,名词
3211,B,名词
3212,月亮,名词
3213,模式,名词
3214,太,副词
3215,强,形容词
3216,了,助词
3217,雷,名词
3218,总,区别词
3219,雷,名词
3220,总,区别词
3221,，,标点符号
3222,日常,区别词
3223,催,动词
3224,平板,名词
3225,5,数词
3226,。,标点符号
3227,。,标点符号
3228,。,标点符号
3229,所以,连词
3230,，,标点符号
3231,抽奖,动词
3232,吗,语气词
3233,？,标点符号
3234,军军,名词
3235,期待,动词
3236,小米,名词
3237,10,数词
3238,和,连词
3239,Discovery,名词
3240,一起,副词
3241,探索,动词
3242,！,标点符号
3243,平板,名词
3244,5,数词
3245,快,形容词
3246,点,量词
3247,出,动词
3248,，,标点符号
3249,我,代词
3250,平板,名词
3251,4,数词
3252,不,副词
3253,想,动词
3254,用,动词
3255,了,助词
3256,明天,时间词
3257,看,动词
3258,大,形容词
3259,片,量词
3260,雷,名词
3261,总,区别词
3262,，,标点符号
3263,我,代词
3264,想,动词
3265,提,动词
3266,个,量词
3267,建议,名词
3268,，,标点符号
3269,小米,名词
3270,售后服务,名词
3271,中心,名词
3272,，,标点符号
3273,能,动词
3274,不,副词
3275,能,动词
3276,多,形容词
3277,开,动词
3278,一点,数词
3279,啊,语气词
3280,，,标点符号
3281,我,代词
3282,在,介词
3283,北京,名词
3284,，,标点符号
3285,整个,区别词
3286,北京,名词
3287,城东,处所词
3288,半,数词
3289,部,量词
3290,，,标点符号
3291,平谷,名词
3292,密云,名词
3293,怀柔,名词
3294,顺义,名词
3295,四,数词
3296,个,量词
3297,区,名词
3298,，,标点符号
3299,您,代词
3300,看看,动词
3301,，,标点符号
3302,一个,数词
3303,售,动词
3304,后,方位词
3305,中心,名词
3306,都,副词
3307,没有,动词
3308,，,标点符号
3309,修,动词
3310,个,量词
3311,手机,名词
3312,还要,动词
3313,去,动词
3314,昌平,名词
3315,海淀,名词
3316,，,标点符号
3317,太,副词
3318,不,副词
3319,方便,形容词
3320,了,语气词
3321,！,标点符号
3322,！,标点符号
3323,起来,动词
3324,搞,动词
3325,点,量词
3326,小,形容词
3327,米,量词
3328,10,数词
3329,发货,动词
3330,吧,语气词
3331,，,标点符号
3332,起来,动词
3333,搞,动词
3334,点,量词
3335,小,形容词
3336,米,量词
3337,10,数词
3338,发货,动词
3339,吧,语气词
3340,，,标点符号
3341,起来,动词
3342,搞,动词
3343,点,量词
3344,小,形容词
3345,米,量词
3346,10,数词
3347,发货,动词
3348,吧,语气词
3349,，,标点符号
3350,谢谢,动词
3351,大,形容词
3352,佬,名词
3353,雷,名词
3354,总,副词
3355,你,代词
3356,转发,动词
3357,也,副词
3358,是,动词
3359,为了,介词
3360,小米,名词
3361,手,名词
3362,环,名词
3363,吧,语气词
3364,雷,名词
3365,总,区别词
3366, ,
3367,求,动词
3368,求,动词
3369,你,代词
3370,去,动词
3371,拧,动词
3372,螺丝,名词
3373,吧,语气词
3374,、,标点符号
3375,米,名词
3376,10,数词
3377,都,副词
3378,6,数词
3379,天,量词
3380,没,副词
3381,发货,动词
3382,了,助词
3383,小,形容词
3384,米,量词
3385,10,数词
3386,支持,动词
3387,两,数词
3388,张,量词
3389,电信,名词
3390,卡,名词
3391,吗,语气词
3392,？,标点符号
3393,上月,时间词
3394,25,数词
3395,号,量词
3396,全,形容词
3397,款,名词
3398,预售,动词
3399,的,助词
3400,10pro,名词
3401,至今,副词
3402,未,副词
3403,发,动词
3404,货,名词
3405,，,标点符号
3406,问,动词
3407,具体,形容词
3408,发货,动词
3409,时间,名词
3410,客,名词
3411,服,动词
3412,一,数词
3413,问,动词
3414,三,数词
3415,不,副词
3416,知,动词
3417,，,标点符号
3418,别,副词
3419,家,量词
3420,手机,名词
3421,发布,动词
3422,晚,时间词
3423,，,标点符号
3424,但,连词
3425,马上,副词
3426,就,介词
3427,现货,名词
3428,开,动词
3429,售,动词
3430,了,语气词
3431,，,标点符号
3432,小米,名词
3433,还,副词
3434,有,动词
3435,先,副词
3436,发,动词
3437,优势,名词
3438,吗,语气词
3439,？,标点符号
3440,Discovery,名词
3441,和,连词
3442,小米,名词
3443,我,代词
3444,都,副词
3445,喜欢,动词
3446,跪,动词
3447,求,动词
3448,出,动词
3449,一个,数词
3450,价格,名词
3451,贵,形容词
3452,一点,数词
3453,的,助词
3454,小米,名词
3455,10s,名词
3456,雷,名词
3457,总,区别词
3458,定制,名词
3459,865x,名词
3460,平板,名词
3461,处理器,名词
3462,一举,副词
3463,攻,动词
3464,下,动词
3465,平板,名词
3466,市场,名词
3467,雷,名词
3468,总,区别词
3469,定制,名词
3470,一个,数词
3471,天,名词
3472,玑,名词
3473,1000,数词
3474,的,助词
3475,平板,名词
3476,吧,语气词
3477,，,标点符号
3478,要,动词
3479,3Dtouch,名词
3480,的,助词
3481,，,标点符号
3482,要,动词
3483,有,动词
3484,手,名词
3485,写,动词
3486,笔,名词
3487, ,
3488, ,
3489,考,名词
3490,研,动词
3491,党,名词
3492,很,副词
3493,需要,动词
3494,啊,叹词
3495,小米,名词
3496,就,副词
3497,是,动词
3498,个,量词
3499,毫无,动词
3500,诚信,形容词
3501,、,标点符号
3502,出尔反尔,动词
3503,的,助词
3504,公司,名词
3505,！,标点符号
3506,！,标点符号
3507,！,标点符号
3508,网络,名词
3509,上,方位词
3510,渲染,动词
3511,了,助词
3512,半天,数词
3513,，,标点符号
3514,今年,时间词
3515,我们,代词
3516,要,动词
3517,冲,动词
3518,高,形容词
3519,端,动词
3520,了,语气词
3521,，,标点符号
3522,我们,代词
3523,下,动词
3524,血本,名词
3525,了,语气词
3526,，,标点符号
3527,要,动词
3528,卖,动词
3529,得,助词
3530,贵,形容词
3531,了,语气词
3532,！,标点符号
3533,就,介词
3534,你,代词
3535,吼,动词
3536,得,助词
3537,最,副词
3538,早,形容词
3539,，,标点符号
3540,吼,动词
3541,得,助词
3542,最,副词
3543,响,动词
3544,！,标点符号
3545,结果,名词
3546,呢,语气词
3547,，,标点符号
3548,人家,代词
3549,卖,动词
3550,到,动词
3551,6999,数词
3552,去,动词
3553,了,语气词
3554,，,标点符号
3555,你们,代词
3556,还,副词
3557,用,动词
3558,最,副词
3559,贵,形容词
3560,的,助词
3561,料,名词
3562,卖,动词
3563,着,助词
3564,最,副词
3565,便宜,形容词
3566,的,助词
3567,价格,名词
3568,，,标点符号
3569,让,动词
3570,别,副词
3571,家,量词
3572,卖,动词
3573,高,形容词
3574,端,动词
3575,的,助词
3576,怎么,代词
3577,想,动词
3578,，,标点符号
3579,太,副词
3580,不,副词
3581,诚信,形容词
3582,了,语气词
3583,！,标点符号
3584,说,动词
3585,好,形容词
3586,的,助词
3587,高,形容词
3588,端,动词
3589,呢,语气词
3590,？,标点符号
3591,如果,连词
3592,这个,代词
3593,公司,名词
3594,以后,方位词
3595,还,副词
3596,这么,代词
3597,干,动词
3598,，,标点符号
3599,我,代词
3600,.,标点符号
3601,.,标点符号
3602,.,标点符号
3603,.,标点符号
3604,.,标点符号
3605,.,标点符号
3606,我,代词
3607,还,副词
3608,买,动词
3609,！,标点符号
3610,！,标点符号
3611,终于,副词
3612,在,介词
3613,我,代词
3614,的,助词
3615,劝说,动词
3616,下,方位词
3617,全家,名词
3618,都,副词
3619,要,动词
3620,换,动词
3621,小米,名词
3622,了,语气词
3623, ,
3624,评论,动词
3625,配,动词
3626,图,名词
3627,哇,语气词
3628,，,标点符号
3629,第一,数词
3630,哎,叹词
3631,，,标点符号
3632,雷,名词
3633,军,名词
3634,爸爸,名词
3635,回,动词
3636,我,代词
3637,一下,数词
3638,好,形容词
3639,不好,形容词
3640,小米,名词
3641,8,数词
3642,牛,名词
3643,B,名词
3644,月亮,名词
3645,模式,名词
3646,太,副词
3647,强,形容词
3648,了,助词
3649,雷,名词
3650,总,区别词
3651,雷,名词
3652,总,区别词
3653,，,标点符号
3654,日常,区别词
3655,催,动词
3656,平板,名词
3657,5,数词
3658,。,标点符号
3659,。,标点符号
3660,。,标点符号
3661,所以,连词
3662,，,标点符号
3663,抽奖,动词
3664,吗,语气词
3665,？,标点符号
3666,军军,名词
3667,期待,动词
3668,小米,名词
3669,10,数词
3670,和,连词
3671,Discovery,名词
3672,一起,副词
3673,探索,动词
3674,！,标点符号
3675,平板,名词
3676,5,数词
3677,快,形容词
3678,点,量词
3679,出,动词
3680,，,标点符号
3681,我,代词
3682,平板,名词
3683,4,数词
3684,不,副词
3685,想,动词
3686,用,动词
3687,了,助词
3688,明天,时间词
3689,看,动词
3690,大,形容词
3691,片,量词
3692,雷,名词
3693,总,区别词
3694,，,标点符号
3695,我,代词
3696,想,动词
3697,提,动词
3698,个,量词
3699,建议,名词
3700,，,标点符号
3701,小米,名词
3702,售后服务,名词
3703,中心,名词
3704,，,标点符号
3705,能,动词
3706,不,副词
3707,能,动词
3708,多,形容词
3709,开,动词
3710,一点,数词
3711,啊,语气词
3712,，,标点符号
3713,我,代词
3714,在,介词
3715,北京,名词
3716,，,标点符号
3717,整个,区别词
3718,北京,名词
3719,城东,处所词
3720,半,数词
3721,部,量词
3722,，,标点符号
3723,平谷,名词
3724,密云,名词
3725,怀柔,名词
3726,顺义,名词
3727,四,数词
3728,个,量词
3729,区,名词
3730,，,标点符号
3731,您,代词
3732,看看,动词
3733,，,标点符号
3734,一个,数词
3735,售,动词
3736,后,方位词
3737,中心,名词
3738,都,副词
3739,没有,动词
3740,，,标点符号
3741,修,动词
3742,个,量词
3743,手机,名词
3744,还要,动词
3745,去,动词
3746,昌平,名词
3747,海淀,名词
3748,，,标点符号
3749,太,副词
3750,不,副词
3751,方便,形容词
3752,了,语气词
3753,！,标点符号
3754,！,标点符号
3755,起来,动词
3756,搞,动词
3757,点,量词
3758,小,形容词
3759,米,量词
3760,10,数词
3761,发货,动词
3762,吧,语气词
3763,，,标点符号
3764,起来,动词
3765,搞,动词
3766,点,量词
3767,小,形容词
3768,米,量词
3769,10,数词
3770,发货,动词
3771,吧,语气词
3772,，,标点符号
3773,起来,动词
3774,搞,动词
3775,点,量词
3776,小,形容词
3777,米,量词
3778,10,数词
3779,发货,动词
3780,吧,语气词
3781,，,标点符号
3782,谢谢,动词
3783,大,形容词
3784,佬,名词
3785,雷,名词
3786,总,副词
3787,你,代词
3788,转发,动词
3789,也,副词
3790,是,动词
3791,为了,介词
3792,小米,名词
3793,手,名词
3794,环,名词
3795,吧,语气词
3796,雷,名词
3797,总,区别词
3798, ,
3799,求,动词
3800,求,动词
3801,你,代词
3802,去,动词
3803,拧,动词
3804,螺丝,名词
3805,吧,语气词
3806,、,标点符号
3807,米,名词
3808,10,数词
3809,都,副词
3810,6,数词
3811,天,量词
3812,没,副词
3813,发货,动词
3814,了,助词
3815,小,形容词
3816,米,量词
3817,10,数词
3818,支持,动词
3819,两,数词
3820,张,量词
3821,电信,名词
3822,卡,名词
3823,吗,语气词
3824,？,标点符号
3825,上月,时间词
3826,25,数词
3827,号,量词
3828,全,形容词
3829,款,名词
3830,预售,动词
3831,的,助词
3832,10pro,名词
3833,至今,副词
3834,未,副词
3835,发,动词
3836,货,名词
3837,，,标点符号
3838,问,动词
3839,具体,形容词
3840,发货,动词
3841,时间,名词
3842,客,名词
3843,服,动词
3844,一,数词
3845,问,动词
3846,三,数词
3847,不,副词
3848,知,动词
3849,，,标点符号
3850,别,副词
3851,家,量词
3852,手机,名词
3853,发布,动词
3854,晚,时间词
3855,，,标点符号
3856,但,连词
3857,马上,副词
3858,就,介词
3859,现货,名词
3860,开,动词
3861,售,动词
3862,了,语气词
3863,，,标点符号
3864,小米,名词
3865,还,副词
3866,有,动词
3867,先,副词
3868,发,动词
3869,优势,名词
3870,吗,语气词
3871,？,标点符号
3872,Discovery,名词
3873,和,连词
3874,小米,名词
3875,我,代词
3876,都,副词
3877,喜欢,动词
3878,跪,动词
3879,求,动词
3880,出,动词
3881,一个,数词
3882,价格,名词
3883,贵,形容词
3884,一点,数词
3885,的,助词
3886,小米,名词
3887,10s,名词
3888,雷,名词
3889,总,区别词
3890,定制,名词
3891,865x,名词
3892,平板,名词
3893,处理器,名词
3894,一举,副词
3895,攻,动词
3896,下,动词
3897,平板,名词
3898,市场,名词
3899,雷,名词
3900,总,区别词
3901,定制,名词
3902,一个,数词
3903,天,名词
3904,玑,名词
3905,1000,数词
3906,的,助词
3907,平板,名词
3908,吧,语气词
3909,，,标点符号
3910,要,动词
3911,3Dtouch,名词
3912,的,助词
3913,，,标点符号
3914,要,动词
3915,有,动词
3916,手,名词
3917,写,动词
3918,笔,名词
3919, ,
3920, ,
3921,考,名词
3922,研,动词
3923,党,名词
3924,很,副词
3925,需要,动词
3926,啊,叹词
3927,小米,名词
3928,就,副词
3929,是,动词
3930,个,量词
3931,毫无,动词
3932,诚信,形容词
3933,、,标点符号
3934,出尔反尔,动词
3935,的,助词
3936,公司,名词
3937,！,标点符号
3938,！,标点符号
3939,！,标点符号
3940,网络,名词
3941,上,方位词
3942,渲染,动词
3943,了,助词
3944,半天,数词
3945,，,标点符号
3946,今年,时间词
3947,我们,代词
3948,要,动词
3949,冲,动词
3950,高,形容词
3951,端,动词
3952,了,语气词
3953,，,标点符号
3954,我们,代词
3955,下,动词
3956,血本,名词
3957,了,语气词
3958,，,标点符号
3959,要,动词
3960,卖,动词
3961,得,助词
3962,贵,形容词
3963,了,语气词
3964,！,标点符号
3965,就,介词
3966,你,代词
3967,吼,动词
3968,得,助词
3969,最,副词
3970,早,形容词
3971,，,标点符号
3972,吼,动词
3973,得,助词
3974,最,副词
3975,响,动词
3976,！,标点符号
3977,结果,名词
3978,呢,语气词
3979,，,标点符号
3980,人家,代词
3981,卖,动词
3982,到,动词
3983,6999,数词
3984,去,动词
3985,了,语气词
3986,，,标点符号
3987,你们,代词
3988,还,副词
3989,用,动词
3990,最,副词
3991,贵,形容词
3992,的,助词
3993,料,名词
3994,卖,动词
3995,着,助词
3996,最,副词
3997,便宜,形容词
3998,的,助词
3999,价格,名词
4000,，,标点符号
4001,让,动词
4002,别,副词
4003,家,量词
4004,卖,动词
4005,高,形容词
4006,端,动词
4007,的,助词
4008,怎么,代词
4009,想,动词
4010,，,标点符号
4011,太,副词
4012,不,副词
4013,诚信,形容词
4014,了,语气词
4015,！,标点符号
4016,说,动词
4017,好,形容词
4018,的,助词
4019,高,形容词
4020,端,动词
4021,呢,语气词
4022,？,标点符号
4023,如果,连词
4024,这个,代词
4025,公司,名词
4026,以后,方位词
4027,还,副词
4028,这么,代词
4029,干,动词
4030,，,标点符号
4031,我,代词
4032,.,标点符号
4033,.,标点符号
4034,.,标点符号
4035,.,标点符号
4036,.,标点符号
4037,.,标点符号
4038,我,代词
4039,还,副词
4040,买,动词
4041,！,标点符号
4042,！,标点符号
4043,终于,副词
4044,在,介词
4045,我,代词
4046,的,助词
4047,劝说,动词
4048,下,方位词
4049,全家,名词
4050,都,副词
4051,要,动词
4052,换,动词
4053,小米,名词
4054,了,语气词
4055, ,
4056,评论,动词
4057,配,动词
4058,图,名词
4059,哇,语气词
4060,，,标点符号
4061,第一,数词
4062,哎,叹词
4063,，,标点符号
4064,雷,名词
4065,军,名词
4066,爸爸,名词
4067,回,动词
4068,我,代词
4069,一下,数词
4070,好,形容词
4071,不好,形容词
4072,小米,名词
4073,8,数词
4074,牛,名词
4075,B,名词
4076,月亮,名词
4077,模式,名词
4078,太,副词
4079,强,形容词
4080,了,助词
4081,雷,名词
4082,总,区别词
4083,雷,名词
4084,总,区别词
4085,，,标点符号
4086,日常,区别词
4087,催,动词
4088,平板,名词
4089,5,数词
4090,。,标点符号
4091,。,标点符号
4092,。,标点符号
4093,所以,连词
4094,，,标点符号
4095,抽奖,动词
4096,吗,语气词
4097,？,标点符号
4098,军军,名词
4099,期待,动词
4100,小米,名词
4101,10,数词
4102,和,连词
4103,Discovery,名词
4104,一起,副词
4105,探索,动词
4106,！,标点符号
4107,平板,名词
4108,5,数词
4109,快,形容词
4110,点,量词
4111,出,动词
4112,，,标点符号
4113,我,代词
4114,平板,名词
4115,4,数词
4116,不,副词
4117,想,动词
4118,用,动词
4119,了,助词
4120,明天,时间词
4121,看,动词
4122,大,形容词
4123,片,量词
4124,雷,名词
4125,总,区别词
4126,，,标点符号
4127,我,代词
4128,想,动词
4129,提,动词
4130,个,量词
4131,建议,名词
4132,，,标点符号
4133,小米,名词
4134,售后服务,名词
4135,中心,名词
4136,，,标点符号
4137,能,动词
4138,不,副词
4139,能,动词
4140,多,形容词
4141,开,动词
4142,一点,数词
4143,啊,语气词
4144,，,标点符号
4145,我,代词
4146,在,介词
4147,北京,名词
4148,，,标点符号
4149,整个,区别词
4150,北京,名词
4151,城东,处所词
4152,半,数词
4153,部,量词
4154,，,标点符号
4155,平谷,名词
4156,密云,名词
4157,怀柔,名词
4158,顺义,名词
4159,四,数词
4160,个,量词
4161,区,名词
4162,，,标点符号
4163,您,代词
4164,看看,动词
4165,，,标点符号
4166,一个,数词
4167,售,动词
4168,后,方位词
4169,中心,名词
4170,都,副词
4171,没有,动词
4172,，,标点符号
4173,修,动词
4174,个,量词
4175,手机,名词
4176,还要,动词
4177,去,动词
4178,昌平,名词
4179,海淀,名词
4180,，,标点符号
4181,太,副词
4182,不,副词
4183,方便,形容词
4184,了,语气词
4185,！,标点符号
4186,！,标点符号
4187,起来,动词
4188,搞,动词
4189,点,量词
4190,小,形容词
4191,米,量词
4192,10,数词
4193,发货,动词
4194,吧,语气词
4195,，,标点符号
4196,起来,动词
4197,搞,动词
4198,点,量词
4199,小,形容词
4200,米,量词
4201,10,数词
4202,发货,动词
4203,吧,语气词
4204,，,标点符号
4205,起来,动词
4206,搞,动词
4207,点,量词
4208,小,形容词
4209,米,量词
4210,10,数词
4211,发货,动词
4212,吧,语气词
4213,，,标点符号
4214,谢谢,动词
4215,大,形容词
4216,佬,名词
4217,雷,名词
4218,总,副词
4219,你,代词
4220,转发,动词
4221,也,副词
4222,是,动词
4223,为了,介词
4224,小米,名词
4225,手,名词
4226,环,名词
4227,吧,语气词
4228,雷,名词
4229,总,区别词
4230, ,
4231,求,动词
4232,求,动词
4233,你,代词
4234,去,动词
4235,拧,动词
4236,螺丝,名词
4237,吧,语气词
4238,、,标点符号
4239,米,名词
4240,10,数词
4241,都,副词
4242,6,数词
4243,天,量词
4244,没,副词
4245,发货,动词
4246,了,助词
4247,小,形容词
4248,米,量词
4249,10,数词
4250,支持,动词
4251,两,数词
4252,张,量词
4253,电信,名词
4254,卡,名词
4255,吗,语气词
4256,？,标点符号
4257,上月,时间词
4258,25,数词
4259,号,量词
4260,全,形容词
4261,款,名词
4262,预售,动词
4263,的,助词
4264,10pro,名词
4265,至今,副词
4266,未,副词
4267,发,动词
4268,货,名词
4269,，,标点符号
4270,问,动词
4271,具体,形容词
4272,发货,动词
4273,时间,名词
4274,客,名词
4275,服,动词
4276,一,数词
4277,问,动词
4278,三,数词
4279,不,副词
4280,知,动词
4281,，,标点符号
4282,别,副词
4283,家,量词
4284,手机,名词
4285,发布,动词
4286,晚,时间词
4287,，,标点符号
4288,但,连词
4289,马上,副词
4290,就,介词
4291,现货,名词
4292,开,动词
4293,售,动词
4294,了,语气词
4295,，,标点符号
4296,小米,名词
4297,还,副词
4298,有,动词
4299,先,副词
4300,发,动词
4301,优势,名词
4302,吗,语气词
4303,？,标点符号
4304,Discovery,名词
4305,和,连词
4306,小米,名词
4307,我,代词
4308,都,副词
4309,喜欢,动词
4310,跪,动词
4311,求,动词
4312,出,动词
4313,一个,数词
4314,价格,名词
4315,贵,形容词
4316,一点,数词
4317,的,助词
4318,小米,名词
4319,10s,名词
4320,雷,名词
4321,总,区别词
4322,定制,名词
4323,865x,名词
4324,平板,名词
4325,处理器,名词
4326,一举,副词
4327,攻,动词
4328,下,动词
4329,平板,名词
4330,市场,名词
4331,雷,名词
4332,总,区别词
4333,定制,名词
4334,一个,数词
4335,天,名词
4336,玑,名词
4337,1000,数词
4338,的,助词
4339,平板,名词
4340,吧,语气词
4341,，,标点符号
4342,要,动词
4343,3Dtouch,名词
4344,的,助词
4345,，,标点符号
4346,要,动词
4347,有,动词
4348,手,名词
4349,写,动词
4350,笔,名词
4351, ,
4352, ,
4353,考,名词
4354,研,动词
4355,党,名词
4356,很,副词
4357,需要,动词
4358,啊,叹词
4359,小米,名词
4360,就,副词
4361,是,动词
4362,个,量词
4363,毫无,动词
4364,诚信,形容词
4365,、,标点符号
4366,出尔反尔,动词
4367,的,助词
4368,公司,名词
4369,！,标点符号
4370,！,标点符号
4371,！,标点符号
4372,网络,名词
4373,上,方位词
4374,渲染,动词
4375,了,助词
4376,半天,数词
4377,，,标点符号
4378,今年,时间词
4379,我们,代词
4380,要,动词
4381,冲,动词
4382,高,形容词
4383,端,动词
4384,了,语气词
4385,，,标点符号
4386,我们,代词
4387,下,动词
4388,血本,名词
4389,了,语气词
4390,，,标点符号
4391,要,动词
4392,卖,动词
4393,得,助词
4394,贵,形容词
4395,了,语气词
4396,！,标点符号
4397,就,介词
4398,你,代词
4399,吼,动词
4400,得,助词
4401,最,副词
4402,早,形容词
4403,，,标点符号
4404,吼,动词
4405,得,助词
4406,最,副词
4407,响,动词
4408,！,标点符号
4409,结果,名词
4410,呢,语气词
4411,，,标点符号
4412,人家,代词
4413,卖,动词
4414,到,动词
4415,6999,数词
4416,去,动词
4417,了,语气词
4418,，,标点符号
4419,你们,代词
4420,还,副词
4421,用,动词
4422,最,副词
4423,贵,形容词
4424,的,助词
4425,料,名词
4426,卖,动词
4427,着,助词
4428,最,副词
4429,便宜,形容词
4430,的,助词
4431,价格,名词
4432,，,标点符号
4433,让,动词
4434,别,副词
4435,家,量词
4436,卖,动词
4437,高,形容词
4438,端,动词
4439,的,助词
4440,怎么,代词
4441,想,动词
4442,，,标点符号
4443,太,副词
4444,不,副词
4445,诚信,形容词
4446,了,语气词
4447,！,标点符号
4448,说,动词
4449,好,形容词
4450,的,助词
4451,高,形容词
4452,端,动词
4453,呢,语气词
4454,？,标点符号
4455,如果,连词
4456,这个,代词
4457,公司,名词
4458,以后,方位词
4459,还,副词
4460,这么,代词
4461,干,动词
4462,，,标点符号
4463,我,代词
4464,.,标点符号
4465,.,标点符号
4466,.,标点符号
4467,.,标点符号
4468,.,标点符号
4469,.,标点符号
4470,我,代词
4471,还,副词
4472,买,动词
4473,！,标点符号
4474,！,标点符号
4475,终于,副词
4476,在,介词
4477,我,代词
4478,的,助词
4479,劝说,动词
4480,下,方位词
4481,全家,名词
4482,都,副词
4483,要,动词
4484,换,动词
4485,小米,名词
4486,了,语气词
4487, ,
4488,评论,动词
4489,配,动词
4490,图,名词
4491,哇,语气词
4492,，,标点符号
4493,第一,数词
4494,哎,叹词
4495,，,标点符号
4496,雷,名词
4497,军,名词
4498,爸爸,名词
4499,回,动词
4500,我,代词
4501,一下,数词
4502,好,形容词
4503,不好,形容词
4504,小米,名词
4505,8,数词
4506,牛,名词
4507,B,名词
4508,月亮,名词
4509,模式,名词
4510,太,副词
4511,强,形容词
4512,了,助词
4513,雷,名词
4514,总,区别词
4515,雷,名词
4516,总,区别词
4517,，,标点符号
4518,日常,区别词
4519,催,动词
4520,平板,名词
4521,5,数词
4522,。,标点符号
4523,。,标点符号
4524,。,标点符号
4525,所以,连词
4526,，,标点符号
4527,抽奖,动词
4528,吗,语气词
4529,？,标点符号
4530,军军,名词
4531,期待,动词
4532,小米,名词
4533,10,数词
4534,和,连词
4535,Discovery,名词
4536,一起,副词
4537,探索,动词
4538,！,标点符号
4539,平板,名词
4540,5,数词
4541,快,形容词
4542,点,量词
4543,出,动词
4544,，,标点符号
4545,我,代词
4546,平板,名词
4547,4,数词
4548,不,副词
4549,想,动词
4550,用,动词
4551,了,助词
4552,明天,时间词
4553,看,动词
4554,大,形容词
4555,片,量词
4556,雷,名词
4557,总,区别词
4558,，,标点符号
4559,我,代词
4560,想,动词
4561,提,动词
4562,个,量词
4563,建议,名词
4564,，,标点符号
4565,小米,名词
4566,售后服务,名词
4567,中心,名词
4568,，,标点符号
4569,能,动词
4570,不,副词
4571,能,动词
4572,多,形容词
4573,开,动词
4574,一点,数词
4575,啊,语气词
4576,，,标点符号
4577,我,代词
4578,在,介词
4579,北京,名词
4580,，,标点符号
4581,整个,区别词
4582,北京,名词
4583,城东,处所词
4584,半,数词
4585,部,量词
4586,，,标点符号
4587,平谷,名词
4588,密云,名词
4589,怀柔,名词
4590,顺义,名词
4591,四,数词
4592,个,量词
4593,区,名词
4594,，,标点符号
4595,您,代词
4596,看看,动词
4597,，,标点符号
4598,一个,数词
4599,售,动词
4600,后,方位词
4601,中心,名词
4602,都,副词
4603,没有,动词
4604,，,标点符号
4605,修,动词
4606,个,量词
4607,手机,名词
4608,还要,动词
4609,去,动词
4610,昌平,名词
4611,海淀,名词
4612,，,标点符号
4613,太,副词
4614,不,副词
4615,方便,形容词
4616,了,语气词
4617,！,标点符号
4618,！,标点符号
4619,起来,动词
4620,搞,动词
4621,点,量词
4622,小,形容词
4623,米,量词
4624,10,数词
4625,发货,动词
4626,吧,语气词
4627,，,标点符号
4628,起来,动词
4629,搞,动词
4630,点,量词
4631,小,形容词
4632,米,量词
4633,10,数词
4634,发货,动词
4635,吧,语气词
4636,，,标点符号
4637,起来,动词
4638,搞,动词
4639,点,量词
4640,小,形容词
4641,米,量词
4642,10,数词
4643,发货,动词
4644,吧,语气词
4645,，,标点符号
4646,谢谢,动词
4647,大,形容词
4648,佬,名词
4649,雷,名词
4650,总,副词
4651,你,代词
4652,转发,动词
4653,也,副词
4654,是,动词
4655,为了,介词
4656,小米,名词
4657,手,名词
4658,环,名词
4659,吧,语气词
4660,雷,名词
4661,总,区别词
4662, ,
4663,求,动词
4664,求,动词
4665,你,代词
4666,去,动词
4667,拧,动词
4668,螺丝,名词
4669,吧,语气词
4670,、,标点符号
4671,米,名词
4672,10,数词
4673,都,副词
4674,6,数词
4675,天,量词
4676,没,副词
4677,发货,动词
4678,了,助词
4679,小,形容词
4680,米,量词
4681,10,数词
4682,支持,动词
4683,两,数词
4684,张,量词
4685,电信,名词
4686,卡,名词
4687,吗,语气词
4688,？,标点符号
4689,上月,时间词
4690,25,数词
4691,号,量词
4692,全,形容词
4693,款,名词
4694,预售,动词
4695,的,助词
4696,10pro,名词
4697,至今,副词
4698,未,副词
4699,发,动词
4700,货,名词
4701,，,标点符号
4702,问,动词
4703,具体,形容词
4704,发货,动词
4705,时间,名词
4706,客,名词
4707,服,动词
4708,一,数词
4709,问,动词
4710,三,数词
4711,不,副词
4712,知,动词
4713,，,标点符号
4714,别,副词
4715,家,量词
4716,手机,名词
4717,发布,动词
4718,晚,时间词
4719,，,标点符号
4720,但,连词
4721,马上,副词
4722,就,介词
4723,现货,名词
4724,开,动词
4725,售,动词
4726,了,语气词
4727,，,标点符号
4728,小米,名词
4729,还,副词
4730,有,动词
4731,先,副词
4732,发,动词
4733,优势,名词
4734,吗,语气词
4735,？,标点符号
4736,Discovery,名词
4737,和,连词
4738,小米,名词
4739,我,代词
4740,都,副词
4741,喜欢,动词
4742,跪,动词
4743,求,动词
4744,出,动词
4745,一个,数词
4746,价格,名词
4747,贵,形容词
4748,一点,数词
4749,的,助词
4750,小米,名词
4751,10s,名词
4752,雷,名词
4753,总,区别词
4754,定制,名词
4755,865x,名词
4756,平板,名词
4757,处理器,名词
4758,一举,副词
4759,攻,动词
4760,下,动词
4761,平板,名词
4762,市场,名词
4763,雷,名词
4764,总,区别词
4765,定制,名词
4766,一个,数词
4767,天,名词
4768,玑,名词
4769,1000,数词
4770,的,助词
4771,平板,名词
4772,吧,语气词
4773,，,标点符号
4774,要,动词
4775,3Dtouch,名词
4776,的,助词
4777,，,标点符号
4778,要,动词
4779,有,动词
4780,手,名词
4781,写,动词
4782,笔,名词
4783, ,
4784, ,
4785,考,名词
4786,研,动词
4787,党,名词
4788,很,副词
4789,需要,动词
4790,啊,叹词
4791,小米,名词
4792,就,副词
4793,是,动词
4794,个,量词
4795,毫无,动词
4796,诚信,形容词
4797,、,标点符号
4798,出尔反尔,动词
4799,的,助词
4800,公司,名词
4801,！,标点符号
4802,！,标点符号
4803,！,标点符号
4804,网络,名词
4805,上,方位词
4806,渲染,动词
4807,了,助词
4808,半天,数词
4809,，,标点符号
4810,今年,时间词
4811,我们,代词
4812,要,动词
4813,冲,动词
4814,高,形容词
4815,端,动词
4816,了,语气词
4817,，,标点符号
4818,我们,代词
4819,下,动词
4820,血本,名词
4821,了,语气词
4822,，,标点符号
4823,要,动词
4824,卖,动词
4825,得,助词
4826,贵,形容词
4827,了,语气词
4828,！,标点符号
4829,就,介词
4830,你,代词
4831,吼,动词
4832,得,助词
4833,最,副词
4834,早,形容词
4835,，,标点符号
4836,吼,动词
4837,得,助词
4838,最,副词
4839,响,动词
4840,！,标点符号
4841,结果,名词
4842,呢,语气词
4843,，,标点符号
4844,人家,代词
4845,卖,动词
4846,到,动词
4847,6999,数词
4848,去,动词
4849,了,语气词
4850,，,标点符号
4851,你们,代词
4852,还,副词
4853,用,动词
4854,最,副词
4855,贵,形容词
4856,的,助词
4857,料,名词
4858,卖,动词
4859,着,助词
4860,最,副词
4861,便宜,形容词
4862,的,助词
4863,价格,名词
4864,，,标点符号
4865,让,动词
4866,别,副词
4867,家,量词
4868,卖,动词
4869,高,形容词
4870,端,动词
4871,的,助词
4872,怎么,代词
4873,想,动词
4874,，,标点符号
4875,太,副词
4876,不,副词
4877,诚信,形容词
4878,了,语气词
4879,！,标点符号
4880,说,动词
4881,好,形容词
4882,的,助词
4883,高,形容词
4884,端,动词
4885,呢,语气词
4886,？,标点符号
4887,如果,连词
4888,这个,代词
4889,公司,名词
4890,以后,方位词
4891,还,副词
4892,这么,代词
4893,干,动词
4894,，,标点符号
4895,我,代词
4896,.,标点符号
4897,.,标点符号
4898,.,标点符号
4899,.,标点符号
4900,.,标点符号
4901,.,标点符号
4902,我,代词
4903,还,副词
4904,买,动词
4905,！,标点符号
4906,！,标点符号
4907,终于,副词
4908,在,介词
4909,我,代词
4910,的,助词
4911,劝说,动词
4912,下,方位词
4913,全家,名词
4914,都,副词
4915,要,动词
4916,换,动词
4917,小米,名词
4918,了,语气词
4919, ,
4920,评论,动词
4921,配,动词
4922,图,名词
4923,哇,语气词
4924,，,标点符号
4925,第一,数词
4926,哎,叹词
4927,，,标点符号
4928,雷,名词
4929,军,名词
4930,爸爸,名词
4931,回,动词
4932,我,代词
4933,一下,数词
4934,好,形容词
4935,不好,形容词
4936,小米,名词
4937,8,数词
4938,牛,名词
4939,B,名词
4940,雷,名词
4941,总,区别词
4942,，,标点符号
4943,日常,区别词
4944,催,动词
4945,平板,名词
4946,5,数词
4947,。,标点符号
4948,。,标点符号
4949,。,标点符号
4950,月亮,名词
4951,模式,名词
4952,太,副词
4953,强,形容词
4954,了,助词
4955,雷,名词
4956,总,区别词
4957,所以,连词
4958,，,标点符号
4959,抽奖,动词
4960,吗,语气词
4961,？,标点符号
4962,军军,名词
4963,期待,动词
4964,小米,名词
4965,10,数词
4966,和,连词
4967,Discovery,名词
4968,一起,副词
4969,探索,动词
4970,！,标点符号
4971,平板,名词
4972,5,数词
4973,快,形容词
4974,点,量词
4975,出,动词
4976,，,标点符号
4977,我,代词
4978,平板,名词
4979,4,数词
4980,不,副词
4981,想,动词
4982,用,动词
4983,了,助词
4984,明天,时间词
4985,看,动词
4986,大,形容词
4987,片,量词
4988,雷,名词
4989,总,区别词
4990,，,标点符号
4991,我,代词
4992,想,动词
4993,提,动词
4994,个,量词
4995,建议,名词
4996,，,标点符号
4997,小米,名词
4998,售后服务,名词
4999,中心,名词
5000,，,标点符号
5001,能,动词
5002,不,副词
5003,能,动词
5004,多,形容词
5005,开,动词
5006,一点,数词
5007,啊,语气词
5008,，,标点符号
5009,我,代词
5010,在,介词
5011,北京,名词
5012,，,标点符号
5013,整个,区别词
5014,北京,名词
5015,城东,处所词
5016,半,数词
5017,部,量词
5018,，,标点符号
5019,平谷,名词
5020,密云,名词
5021,怀柔,名词
5022,顺义,名词
5023,四,数词
5024,个,量词
5025,区,名词
5026,，,标点符号
5027,您,代词
5028,看看,动词
5029,，,标点符号
5030,一个,数词
5031,售,动词
5032,后,方位词
5033,中心,名词
5034,都,副词
5035,没有,动词
5036,，,标点符号
5037,修,动词
5038,个,量词
5039,手机,名词
5040,还要,动词
5041,去,动词
5042,昌平,名词
5043,海淀,名词
5044,，,标点符号
5045,太,副词
5046,不,副词
5047,方便,形容词
5048,了,语气词
5049,！,标点符号
5050,！,标点符号
5051,起来,动词
5052,搞,动词
5053,点,量词
5054,小,形容词
5055,米,量词
5056,10,数词
5057,发货,动词
5058,吧,语气词
5059,，,标点符号
5060,起来,动词
5061,搞,动词
5062,点,量词
5063,小,形容词
5064,米,量词
5065,10,数词
5066,发货,动词
5067,吧,语气词
5068,，,标点符号
5069,起来,动词
5070,搞,动词
5071,点,量词
5072,小,形容词
5073,米,量词
5074,10,数词
5075,发货,动词
5076,吧,语气词
5077,，,标点符号
5078,谢谢,动词
5079,大,形容词
5080,佬,名词
5081,雷,名词
5082,总,副词
5083,你,代词
5084,转发,动词
5085,也,副词
5086,是,动词
5087,为了,介词
5088,小米,名词
5089,手,名词
5090,环,名词
5091,吧,语气词
5092,雷,名词
5093,总,区别词
5094, ,
5095,求,动词
5096,求,动词
5097,你,代词
5098,去,动词
5099,拧,动词
5100,螺丝,名词
5101,吧,语气词
5102,、,标点符号
5103,米,名词
5104,10,数词
5105,都,副词
5106,6,数词
5107,天,量词
5108,没,副词
5109,发货,动词
5110,了,助词
5111,小,形容词
5112,米,量词
5113,10,数词
5114,支持,动词
5115,两,数词
5116,张,量词
5117,电信,名词
5118,卡,名词
5119,吗,语气词
5120,？,标点符号
5121,小米,名词
5122,平板,名词
5123,5,数词
5124,走,动词
5125,起,动词
5126,，,标点符号
5127,大家,代词
5128,送,动词
5129,我,代词
5130,上,方位词
5131,去,动词
5132,！,标点符号
5133,上月,时间词
5134,25,数词
5135,号,量词
5136,全,形容词
5137,款,名词
5138,预售,动词
5139,的,助词
5140,10pro,名词
5141,至今,副词
5142,未,副词
5143,发,动词
5144,货,名词
5145,，,标点符号
5146,问,动词
5147,具体,形容词
5148,发货,动词
5149,时间,名词
5150,客,名词
5151,服,动词
5152,一,数词
5153,问,动词
5154,三,数词
5155,不,副词
5156,知,动词
5157,，,标点符号
5158,别,副词
5159,家,量词
5160,手机,名词
5161,发布,动词
5162,晚,时间词
5163,，,标点符号
5164,但,连词
5165,马上,副词
5166,就,介词
5167,现货,名词
5168,开,动词
5169,售,动词
5170,了,语气词
5171,，,标点符号
5172,小米,名词
5173,还,副词
5174,有,动词
5175,先,副词
5176,发,动词
5177,优势,名词
5178,吗,语气词
5179,？,标点符号
5180,Discovery,名词
5181,和,连词
5182,小米,名词
5183,我,代词
5184,都,副词
5185,喜欢,动词
5186,雷,名词
5187,总,区别词
5188,定制,名词
5189,865x,名词
5190,平板,名词
5191,处理器,名词
5192,一举,副词
5193,攻,动词
5194,下,动词
5195,平板,名词
5196,市场,名词
5197,雷,名词
5198,总,区别词
5199,定制,名词
5200,一个,数词
5201,天,名词
5202,玑,名词
5203,1000,数词
5204,的,助词
5205,平板,名词
5206,吧,语气词
5207,，,标点符号
5208,要,动词
5209,3Dtouch,名词
5210,的,助词
5211,，,标点符号
5212,要,动词
5213,有,动词
5214,手,名词
5215,写,动词
5216,笔,名词
5217, ,
5218, ,
5219,考,名词
5220,研,动词
5221,党,名词
5222,很,副词
5223,需要,动词
5224,啊,叹词
5225,小米,名词
5226,就,副词
5227,是,动词
5228,个,量词
5229,毫无,动词
5230,诚信,形容词
5231,、,标点符号
5232,出尔反尔,动词
5233,的,助词
5234,公司,名词
5235,！,标点符号
5236,！,标点符号
5237,！,标点符号
5238,网络,名词
5239,上,方位词
5240,渲染,动词
5241,了,助词
5242,半天,数词
5243,，,标点符号
5244,今年,时间词
5245,我们,代词
5246,要,动词
5247,冲,动词
5248,高,形容词
5249,端,动词
5250,了,语气词
5251,，,标点符号
5252,我们,代词
5253,下,动词
5254,血本,名词
5255,了,语气词
5256,，,标点符号
5257,要,动词
5258,卖,动词
5259,得,助词
5260,贵,形容词
5261,了,语气词
5262,！,标点符号
5263,就,介词
5264,你,代词
5265,吼,动词
5266,得,助词
5267,最,副词
5268,早,形容词
5269,，,标点符号
5270,吼,动词
5271,得,助词
5272,最,副词
5273,响,动词
5274,！,标点符号
5275,结果,名词
5276,呢,语气词
5277,，,标点符号
5278,人家,代词
5279,卖,动词
5280,到,动词
5281,6999,数词
5282,去,动词
5283,了,语气词
5284,，,标点符号
5285,你们,代词
5286,还,副词
5287,用,动词
5288,最,副词
5289,贵,形容词
5290,的,助词
5291,料,名词
5292,卖,动词
5293,着,助词
5294,最,副词
5295,便宜,形容词
5296,的,助词
5297,价格,名词
5298,，,标点符号
5299,让,动词
5300,别,副词
5301,家,量词
5302,卖,动词
5303,高,形容词
5304,端,动词
5305,的,助词
5306,怎么,代词
5307,想,动词
5308,，,标点符号
5309,太,副词
5310,不,副词
5311,诚信,形容词
5312,了,语气词
5313,！,标点符号
5314,说,动词
5315,好,形容词
5316,的,助词
5317,高,形容词
5318,端,动词
5319,呢,语气词
5320,？,标点符号
5321,如果,连词
5322,这个,代词
5323,公司,名词
5324,以后,方位词
5325,还,副词
5326,这么,代词
5327,干,动词
5328,，,标点符号
5329,我,代词
5330,.,标点符号
5331,.,标点符号
5332,.,标点符号
5333,.,标点符号
5334,.,标点符号
5335,.,标点符号
5336,我,代词
5337,还,副词
5338,买,动词
5339,！,标点符号
5340,！,标点符号
5341,终于,副词
5342,在,介词
5343,我,代词
5344,的,助词
5345,劝说,动词
5346,下,方位词
5347,全家,名词
5348,都,副词
5349,要,动词
5350,换,动词
5351,小米,名词
5352,了,语气词
5353, ,
5354,评论,动词
5355,配,动词
5356,图,名词
5357,哇,语气词
5358,，,标点符号
5359,第一,数词
5360,哎,叹词
5361,，,标点符号
5362,雷,名词
5363,军,名词
5364,爸爸,名词
5365,回,动词
5366,我,代词
5367,一下,数词
5368,好,形容词
5369,不好,形容词
5370,小米,名词
5371,8,数词
5372,牛,名词
5373,B,名词
5374,雷,名词
5375,总,区别词
5376,，,标点符号
5377,日常,区别词
5378,催,动词
5379,平板,名词
5380,5,数词
5381,。,标点符号
5382,。,标点符号
5383,。,标点符号
5384,月亮,名词
5385,模式,名词
5386,太,副词
5387,强,形容词
5388,了,助词
5389,雷,名词
5390,总,区别词
5391,所以,连词
5392,，,标点符号
5393,抽奖,动词
5394,吗,语气词
5395,？,标点符号
5396,军军,名词
5397,期待,动词
5398,小米,名词
5399,10,数词
5400,和,连词
5401,Discovery,名词
5402,一起,副词
5403,探索,动词
5404,！,标点符号
5405,平板,名词
5406,5,数词
5407,快,形容词
5408,点,量词
5409,出,动词
5410,，,标点符号
5411,我,代词
5412,平板,名词
5413,4,数词
5414,不,副词
5415,想,动词
5416,用,动词
5417,了,助词
5418,明天,时间词
5419,看,动词
5420,大,形容词
5421,片,量词
5422,雷,名词
5423,总,区别词
5424,，,标点符号
5425,我,代词
5426,想,动词
5427,提,动词
5428,个,量词
5429,建议,名词
5430,，,标点符号
5431,小米,名词
5432,售后服务,名词
5433,中心,名词
5434,，,标点符号
5435,能,动词
5436,不,副词
5437,能,动词
5438,多,形容词
5439,开,动词
5440,一点,数词
5441,啊,语气词
5442,，,标点符号
5443,我,代词
5444,在,介词
5445,北京,名词
5446,，,标点符号
5447,整个,区别词
5448,北京,名词
5449,城东,处所词
5450,半,数词
5451,部,量词
5452,，,标点符号
5453,平谷,名词
5454,密云,名词
5455,怀柔,名词
5456,顺义,名词
5457,四,数词
5458,个,量词
5459,区,名词
5460,，,标点符号
5461,您,代词
5462,看看,动词
5463,，,标点符号
5464,一个,数词
5465,售,动词
5466,后,方位词
5467,中心,名词
5468,都,副词
5469,没有,动词
5470,，,标点符号
5471,修,动词
5472,个,量词
5473,手机,名词
5474,还要,动词
5475,去,动词
5476,昌平,名词
5477,海淀,名词
5478,，,标点符号
5479,太,副词
5480,不,副词
5481,方便,形容词
5482,了,语气词
5483,！,标点符号
5484,！,标点符号
5485,起来,动词
5486,搞,动词
5487,点,量词
5488,小,形容词
5489,米,量词
5490,10,数词
5491,发货,动词
5492,吧,语气词
5493,，,标点符号
5494,起来,动词
5495,搞,动词
5496,点,量词
5497,小,形容词
5498,米,量词
5499,10,数词
5500,发货,动词
5501,吧,语气词
5502,，,标点符号
5503,起来,动词
5504,搞,动词
5505,点,量词
5506,小,形容词
5507,米,量词
5508,10,数词
5509,发货,动词
5510,吧,语气词
5511,，,标点符号
5512,谢谢,动词
5513,大,形容词
5514,佬,名词
5515,雷,名词
5516,总,副词
5517,你,代词
5518,转发,动词
5519,也,副词
5520,是,动词
5521,为了,介词
5522,小米,名词
5523,手,名词
5524,环,名词
5525,吧,语气词
5526,雷,名词
5527,总,区别词
5528, ,
5529,求,动词
5530,求,动词
5531,你,代词
5532,去,动词
5533,拧,动词
5534,螺丝,名词
5535,吧,语气词
5536,、,标点符号
5537,米,名词
5538,10,数词
5539,都,副词
5540,6,数词
5541,天,量词
5542,没,副词
5543,发货,动词
5544,了,助词
5545,小,形容词
5546,米,量词
5547,10,数词
5548,支持,动词
5549,两,数词
5550,张,量词
5551,电信,名词
5552,卡,名词
5553,吗,语气词
5554,？,标点符号
5555,小米,名词
5556,平板,名词
5557,5,数词
5558,走,动词
5559,起,动词
5560,，,标点符号
5561,大家,代词
5562,送,动词
5563,我,代词
5564,上,方位词
5565,去,动词
5566,！,标点符号
5567,上月,时间词
5568,25,数词
5569,号,量词
5570,全,形容词
5571,款,名词
5572,预售,动词
5573,的,助词
5574,10pro,名词
5575,至今,副词
5576,未,副词
5577,发,动词
5578,货,名词
5579,，,标点符号
5580,问,动词
5581,具体,形容词
5582,发货,动词
5583,时间,名词
5584,客,名词
5585,服,动词
5586,一,数词
5587,问,动词
5588,三,数词
5589,不,副词
5590,知,动词
5591,，,标点符号
5592,别,副词
5593,家,量词
5594,手机,名词
5595,发布,动词
5596,晚,时间词
5597,，,标点符号
5598,但,连词
5599,马上,副词
5600,就,介词
5601,现货,名词
5602,开,动词
5603,售,动词
5604,了,语气词
5605,，,标点符号
5606,小米,名词
5607,还,副词
5608,有,动词
5609,先,副词
5610,发,动词
5611,优势,名词
5612,吗,语气词
5613,？,标点符号
5614,Discovery,名词
5615,和,连词
5616,小米,名词
5617,我,代词
5618,都,副词
5619,喜欢,动词
