,screen_name,description,geated_aender,crt,text,profile_url,image
0,ZY_ZT,å®¶äººï¼Œäº‹ä¸šï¼Œè¶³çƒå’Œä¹¦ã€‚,m,Sun Mar 08 23:32:46 +0800 2020,æ€»ç»“ä¸‹æ¥å°±ä¸‰ä¸ªå­—ï¼šé è‡ªå·±,https://m.weibo.cn/u/2519587673?uid=2519587673,"https://tvax4.sinaimg.cn/crop.0.0.664.664.180/962ddb59ly8gapi10c43gj20ig0ihtbc.jpg?KID=imgbed,tva&Expires=1584258776&ssig=y2iGr3Qlry"
1,é˜¿å…‰çˆ±ä¸Šç½‘,æ‰“é…±æ²¹çš„,m,Mon Mar 09 08:22:18 +0800 2020,"å›½ç±äº’æ¢è¯„è®ºè¿‡ä¸‡ï¼Œæ­¦æ±‰æ—©æœŸæ²¡å»ºç«‹ä¸´æ—¶åŒ»é™¢ä¹Ÿæ˜¯å±…å®¶éš”ç¦»ï¼Œç½‘ç»œèˆ†è®ºä»¿ä½›è¦èµ·ä¹‰äº†ï¼Œä»¥ç‚¼ç‹±æ¥å½¢å®¹æ­¦æ±‰ï¼Œé‚£ç‘å£«ç°åœ¨æ˜¯ä»€ä¹ˆ,è¥¿æ–¹å›½å®¶æ˜¯æ¸…ä¸€è‰²çš„è®©è½»ç—‡åœ¨å®¶æŒºç€ï¼Œä»–ä»¬çš„ç«ç¥å±±å‘¢ï¼Ÿå¼€å·¥äº†å—ï¼Ÿå¥½å¤šäººä¸ä½†ä¸éª‚ï¼Œåå€’è®¤ä¸ºä¸­å›½åº”æ”¶å°½æ”¶æ˜¯é˜²ç–«è¿‡åº¦ï¼Œè¿™å¸®äººç²¾ç¥åˆ†è£‚ï¼Œåªæœ‰ç«‹åœºï¼Œæ²¡æœ‰æ˜¯éäº†",https://m.weibo.cn/u/6448758079?uid=6448758079,"https://tvax4.sinaimg.cn/crop.0.0.996.996.180/0072qkz5ly8ftaclntxr0j30ro0rotaj.jpg?KID=imgbed,tva&Expires=1584258776&ssig=albcKwx%2F8H"
2,æ³•å¼æ’©å°èµ¤ä½¬,å°±æ˜¯å–œæ¬¢ä½   æ²¡æœ‰ç†ç”±ğŸ’•@ææ˜“å³°,f,Mon Mar 09 08:10:51 +0800 2020,"é‚£æ—¶å€™æ¨å›½è›†è¯´zfåªä¼šè®©äººåœ¨å®¶ç­‰æ­»çš„å‡ºæ¥èµ°ä¸¤æ­¥<span class=""url-icon""><img alt=[åƒç“œ] src=""//h5.sinaimg.cn/m/emoticon/icon/default/d_chigua-c95cd5ba58.png"" style=""width:1em; height:1em;"" /></span>",https://m.weibo.cn/u/5976825380?uid=5976825380,"https://tvax3.sinaimg.cn/crop.0.0.664.664.180/006wu9jmly8gcckxor5x5j30ig0ig75b.jpg?KID=imgbed,tva&Expires=1584258776&ssig=8wx3%2FK%2FbLt"
3,ç°ç°æ˜¯åªçŒ«518,,f,Sun Mar 08 23:33:28 +0800 2020,"è¿™æ˜¯ä»€ä¹ˆéªšæ“ä½œï¼Œé‡ç—‡ä¹Ÿæ˜¯ä»è½»ç—‡å¼€å§‹çš„å§<span class=""url-icon""><img alt=[è´¹è§£] src=""//h5.sinaimg.cn/m/emoticon/icon/default/d_feijie-bac8e40ab4.png"" style=""width:1em; height:1em;"" /></span><span class=""url-icon""><img alt=[è´¹è§£] src=""//h5.sinaimg.cn/m/emoticon/icon/default/d_feijie-bac8e40ab4.png"" style=""width:1em; height:1em;"" /></span><span class=""url-icon""><img alt=[è´¹è§£] src=""//h5.sinaimg.cn/m/emoticon/icon/default/d_feijie-bac8e40ab4.png"" style=""width:1em; height:1em;"" /></span><span class=""url-icon""><img alt=[è´¹è§£] src=""//h5.sinaimg.cn/m/emoticon/icon/default/d_feijie-bac8e40ab4.png"" style=""width:1em; height:1em;"" /></span><span class=""url-icon""><img alt=[è´¹è§£] src=""//h5.sinaimg.cn/m/emoticon/icon/default/d_feijie-bac8e40ab4.png"" style=""width:1em; height:1em;"" /></span>",https://m.weibo.cn/u/6331793053?uid=6331793053,"https://tvax3.sinaimg.cn/crop.24.0.1194.1194.180/006UvyCply8fi5s5muvqzj30yi0x6dk3.jpg?KID=imgbed,tva&Expires=1584258776&ssig=oTf7EMt94Y"
4,æ—…è¡Œå’–å•¡çŒ«,å¥³ï¼ŒæŒºå¥½çš„,f,Mon Mar 09 07:50:55 +0800 2020,å—¯ï¼Œbç«™ä¸€ä¸ªupä¸»å‰ä¸¤å¤©å‘äº†è‡ªå·±æ‚£ç—…ç—Šæ„ˆçš„è§†é¢‘ï¼Œä»–å°±æ˜¯å¼€å§‹è½»ç—‡å›å®¶åƒè¯ï¼Œéƒ½è§‰å¾—å¥½è½¬æ²¡ä»€ä¹ˆäº‹äº†ï¼Œä¸€å¤©æ—©ä¸Šèµ·æ¥çªç„¶å‘¼å¸å›°éš¾åæ¥å·®ç‚¹æŒ‚äº†ã€‚,https://m.weibo.cn/u/6533098889?uid=6533098889,"https://tvax1.sinaimg.cn/crop.0.0.996.996.180/00788dsJly8g96jxxhzdmj30ro0roac3.jpg?KID=imgbed,tva&Expires=1584258776&ssig=LPVRATTmye"
5,è’™é¢å¤§ç›—ç¼ºä¿©ç‰™,,m,Mon Mar 09 07:53:08 +0800 2020,ç–«æƒ…åˆæœŸçš„æ­¦æ±‰ä¹Ÿæ˜¯è¿™æ ·ï¼Œæ£€æµ‹è¯•å‰‚ä¸å¤Ÿï¼Œè½»ç—‡å±…å®¶éš”ç¦»ï¼Œé‡ç—‡æ£€æµ‹é˜³æ€§åæ‰æœ‰åºŠä½æ”¶æ²»ï¼Œç›´åˆ°ç«ç¥å±±ï¼Œæ–¹èˆ±å»ºèµ·æ¥ï¼Œæ‰æœ‰æ‰€å¥½è½¬ã€‚æ…¢æ…¢çœ‹å§ï¼Œè¦æ˜¯1ä¸ªæœˆä»¥åè¿™äº›å›½å®¶è¿˜è¿™ä¹ˆæ“ä½œé‚£çœŸæ˜¯è¦å‡‰å‡‰ã€‚,https://m.weibo.cn/u/5639170989?uid=5639170989,"https://tvax2.sinaimg.cn/crop.0.0.1006.1006.180/0069DnYNly8gbqfsejunoj30ry0rydid.jpg?KID=imgbed,tva&Expires=1584258776&ssig=xRLBYNxEMh"
6,èµ–åºŠå°å…¬ä¸¾,,f,Sun Mar 08 23:53:27 +0800 2020,çœ‹äº†ä¸€åœˆï¼Œè¿˜æ˜¯å…³æ³¨è‡ªå·±å›½å®¶å§ï¼Œäººå®¶å›½æ°‘æœ‰è‡ªå·±å›½å®¶ç®¡ï¼Œç®¡æˆä»€ä¹ˆæ ·å­ä¹Ÿæ˜¯è‡ªå·±çš„äº‹ï¼Œæˆ‘ä»¬å°±åˆ«çæ“å¿ƒäº†ã€‚æˆ‘ä»¬å°±ä¸“å¿ƒæ²»å¥½å‰©ä¸‹çš„ä¸¤ä¸‡å¤šæ‚£è€…ï¼Œåšå¥½è¾¹å¢ƒé˜²æ§éš”ç¦»ã€‚å†æ¬¡æ„Ÿå¹ï¼Œåœ¨ä¸­å›½æŒºå¥½ï¼,https://m.weibo.cn/u/3484828277?uid=3484828277,"https://tvax3.sinaimg.cn/crop.0.0.996.996.180/cfb64275ly8gbx9wokhufj20ro0rodh1.jpg?KID=imgbed,tva&Expires=1584258776&ssig=EszTO%2FUiKO"
7,monday,settle the dust,f,Mon Mar 09 08:08:56 +0800 2020,å…³æ³¨å›½å¤–ä¹Ÿæ˜¯å…³æ³¨æˆ‘ä»¬è‡ªå·±å•Šï¼Œæ†¨æ‰¹é‚£ä¹ˆå¤šï¼Œæ‰¹é‡éƒ½è¾“å…¥æ€ä¹ˆé˜²å¾—è¿‡æ¥ï¼Œè¿˜å¸Œæœ›æ—©ç‚¹èƒ½æ‘˜å£ç½©å‘¢,https://m.weibo.cn/u/1644791870?uid=1644791870,"https://tvax3.sinaimg.cn/crop.0.0.1080.1080.180/6209883ely8g8mc6nmo4sj20u00u0di1.jpg?KID=imgbed,tva&Expires=1584258776&ssig=wjQMoWD9%2FU"
8,å¤§æœµæœµYuki,ä¸€æšè‹¦é€¼çš„é«˜ä¸­ç”Ÿ,f,Mon Mar 09 08:14:02 +0800 2020,å°±è¿™æ ·è¿˜èˆ”ç‹—ä¸€å¤§å †çš„ï¼ŒçœŸæƒ³æŠŠä»–ä»¬é€åˆ°å›½å¤–å»æ„Ÿå—æ„Ÿå—ï¼Œæ€•æ˜¯æˆ´å£ç½©éƒ½ä¼šè¢«æ‰“,https://m.weibo.cn/u/5317730726?uid=5317730726,"https://tvax3.sinaimg.cn/crop.0.0.1080.1080.180/005NSEGqly8gbz3vvkx7uj30u00u0q49.jpg?KID=imgbed,tva&Expires=1584258776&ssig=0R6fth6gjX"
9,å¥•ç„¶åœ¨ç¬‘,,f,Sun Mar 08 23:33:57 +0800 2020,è¯è¯´è¿™æ˜¯æ¬§æ´²æœ€å¯Œæœ‰å›½å®¶å•Š,https://m.weibo.cn/u/6664782828?uid=6664782828,"https://tvax3.sinaimg.cn/crop.0.0.500.500.180/007h2Ktely8gbputqkmj0j30dw0dw76g.jpg?KID=imgbed,tva&Expires=1584258776&ssig=Iec94u2JjD"
10,å¤æœˆè½¦å…«,,m,Mon Mar 09 07:58:18 +0800 2020,"åˆ°æ—¶äººå‡å¯èƒ½æ˜¯ä¸€ä¸ªäººï¼Œå¯Œå¯æ•Œå›½<span class=""url-icon""><img alt=[doge] src=""//h5.sinaimg.cn/m/emoticon/icon/others/d_doge-861403219c.png"" style=""width:1em; height:1em;"" /></span><span class=""url-icon""><img alt=[doge] src=""//h5.sinaimg.cn/m/emoticon/icon/others/d_doge-861403219c.png"" style=""width:1em; height:1em;"" /></span>",https://m.weibo.cn/u/6850463781?uid=6850463781,"https://tvax4.sinaimg.cn/crop.0.0.132.132.180/007tBQzjly4fx7uc2tkscj303o03oq2q.jpg?KID=imgbed,tva&Expires=1584258776&ssig=KRLT5dcq2d"
11,å¢¨ç«¹å‡‰å¤œå½±iiii,äº‹å¯¦èˆ‡é‚è¼¯,m,Mon Mar 09 08:20:50 +0800 2020,å‘µå‘µï¼Œç‘å£«ä½“åˆ¶ä¸è¡Œäº†ï¼Œå¹³æ—¶å¹çš„é«˜ç¦åˆ©å›½å®¶å‘¢ï¼Ÿå¹æˆäº†ç§»æ°‘å¤©å ‚ï¼Œé‡åˆ°ç¾éš¾æ”¿åºœç›´æ¥æ’’æ‰‹ä¸ç®¡äº†ã€‚è¿™åœºç–«æƒ…çœŸæ­£è®©æˆ‘æ˜ç™½äº†åˆ¶åº¦ä¼˜è¶Šæ€§ä¸æ˜¯ç©ºè¯ã€‚,https://m.weibo.cn/u/5388682454?uid=5388682454,"https://tvax4.sinaimg.cn/crop.0.0.1328.1328.180/005SGmt8ly8fqrexzif6bj310w10wq4g.jpg?KID=imgbed,tva&Expires=1584258776&ssig=rmqyfEvPju"
12,ç¿æ€BIMer,BIMä¸»ç®¡/PCä¸“ä¸šè´Ÿè´£äºº,m,Mon Mar 09 00:02:30 +0800 2020,"è¯´ç™½äº†å°±æ˜¯å›½å®¶æ²¡æœ‰è¶³å¤Ÿçš„åºŠä½ï¼Œæ²¡æœ‰è¶³å¤Ÿçš„åŒ»ç–—èµ„æº<span class=""url-icon""><img alt=[äºŒå“ˆ] src=""//h5.sinaimg.cn/m/emoticon/icon/others/d_erha-0fecc90ac1.png"" style=""width:1em; height:1em;"" /></span>å´‡å°šè‡ªç”±çš„è¥¿æ–¹å›½å®¶ï¼Œè¿™äº›æ‚£è€…ä¼šè€è€å®å®åœ¨å®¶å¾…ç€ï¼Ÿè½»ç—‡æ‚£è€…åœ¨å®¶å¾…ç€ï¼Œå¾—ä¸åˆ°ä¸“ä¸šçš„æ²»ç–—ï¼ŒåŸæœ¬è½»ç—‡ï¼Œä¹Ÿè¦å˜æˆé‡ç—‡äº†å§<span class=""url-icon""><img alt=[äºŒå“ˆ] src=""//h5.sinaimg.cn/m/emoticon/icon/others/d_erha-0fecc90ac1.png"" style=""width:1em; height:1em;"" /></span>æ‰€ä»¥è¥¿æ–¹é‚£äº›è½»ç—‡æ‚£è€…åªèƒ½è‡ªæ±‚å¤šç¦å§<span class=""url-icon""><img alt=[äºŒå“ˆ] src=""//h5.sinaimg.cn/m/emoticon/icon/others/d_erha-0fecc90ac1.png"" style=""width:1em; height:1em;"" /></span>",https://m.weibo.cn/u/3264427242?uid=3264427242,"https://tvax2.sinaimg.cn/crop.0.0.1080.1080.180/c29334ealy8gaqlibn75aj20u00u00um.jpg?KID=imgbed,tva&Expires=1584258776&ssig=dk7WB2fpNH"
13,å°ç½—å°æœå°å¯,,f,Mon Mar 09 08:17:17 +0800 2020,è½»ç—‡ä¹Ÿæ˜¯æ„ŸæŸ“è€…ï¼Œ ä»–æ²¡ç¡®è¯Šä¸çŸ¥é“è‡ªå·±å¾—çš„æ˜¯æ–°å† ï¼Œä»¥ä¸ºæ˜¯æ„Ÿå†’ï¼Œä»–å°±ä¸éš”ç¦»ï¼Œåˆ°å¤„è·‘ï¼Œé‚£è¦ä¼ æŸ“å¤šå°‘äººï¼Œå¯èƒ½æœ‰äº›è¢«ä¼ æŸ“äº†å°±å˜é‡ç—‡äº†,https://m.weibo.cn/u/1409792763?uid=1409792763,"https://tvax2.sinaimg.cn/crop.0.0.664.664.180/5407bafbly8g3i94g502wj20ig0igq39.jpg?KID=imgbed,tva&Expires=1584258776&ssig=h0I95tbXWQ"
14,luckyvivi1122,,f,Mon Mar 09 08:55:12 +0800 2020,é‡åˆ°é—®é¢˜ä¹Ÿè¦å»åŠªåŠ›è§£å†³é—®é¢˜ï¼Œæˆ‘ä»¬å‰æœŸä¹Ÿä¸€æ ·æ²¡æœ‰è¶³å¤Ÿçš„åºŠä½ï¼Œä½†ä¸ç«‹é©¬å»å»ºåŒ»é™¢å»ºæ–¹èˆ±äº†ï¼Œå…³é”®çœ‹æœ‰æ— æœ‰é‡è§†ï¼Œå¯¹å›½æ°‘è´Ÿè´£ã€‚,https://m.weibo.cn/u/5657811035?uid=5657811035,"https://tvax2.sinaimg.cn/crop.0.0.996.996.180/006aTB6Hly8g493a1iupqj30ro0romxh.jpg?KID=imgbed,tva&Expires=1584258776&ssig=OmZOJ6WqVC"
15,èµ–åºŠå°å…¬ä¸¾,,f,Sun Mar 08 23:54:39 +0800 2020,çœ‹ä¹…äº†æ‰çŸ¥é“ï¼ŒåŸæ¥æ­¦æ±‰f4æ˜¯ä¸–ç•Œçš„ç¼©å½±å•Š,https://m.weibo.cn/u/3484828277?uid=3484828277,"https://tvax3.sinaimg.cn/crop.0.0.996.996.180/cfb64275ly8gbx9wokhufj20ro0rodh1.jpg?KID=imgbed,tva&Expires=1584258776&ssig=EszTO%2FUiKO"
16,ä¸ƒåˆ†ç”œçš„ç³–ç‚’æ —å­,å–é›¶é£Ÿç”œå“ğŸ°çš„æ¶è‡­å¤§å­¦ç”Ÿ vx:424596263,f,Mon Mar 09 07:34:58 +0800 2020,"ä»–ä»¬æ¯”f4è¿˜çƒ‚ æ¯•ç«Ÿf4é—­å·ä»–ä»¬å¼€å·<span class=""url-icon""><img alt=[åƒç“œ] src=""//h5.sinaimg.cn/m/emoticon/icon/default/d_chigua-c95cd5ba58.png"" style=""width:1em; height:1em;"" /></span>",https://m.weibo.cn/u/5472381581?uid=5472381581,"https://tvax4.sinaimg.cn/crop.0.0.664.664.180/005Ylyr3ly8gcmmhgp117j30ig0igwfl.jpg?KID=imgbed,tva&Expires=1584258776&ssig=wECuTpQf7n"
17,ç‹¬èœä¸“åˆ¶æå®¶å¡,,m,Mon Mar 09 08:02:30 +0800 2020,f4è¿œè¿œå¼ºäºå¿½æ‚ é€‰ç¥¨çš„è¥¿æ–¹æ”¿å®¢,https://m.weibo.cn/u/2289694693?uid=2289694693,"https://tva2.sinaimg.cn/crop.0.0.664.664.180/8879f7e5jw8f6olvg0t7oj20ig0igq3v.jpg?KID=imgbed,tva&Expires=1584258776&ssig=Gy6L0HXemq"
18,æ¨ç©†ç©†å¤§å°å§,,f,Mon Mar 09 00:52:17 +0800 2020,å’Œæ­¦æ±‰åˆšå¼€å§‹ä¸€æ ·ï¼Œåæ¥å¾ˆå¤šè½»ç—‡æ‹–å»¶æˆé‡ç—‡ï¼Œæœ€åèµ°äº†â€¦å¹¸å¥½åæ¥åŒ»é™¢åºŠä½è¶Šæ‰©è¶Šå¤šï¼Œæ‰åšåˆ°äº†åº”æ”¶å°½æ”¶ï¼,https://m.weibo.cn/u/5953522729?uid=5953522729,"https://tvax2.sinaimg.cn/crop.0.0.996.996.180/006uUne9ly8g6lkrgmy9pj30ro0ro0v3.jpg?KID=imgbed,tva&Expires=1584258776&ssig=ZdDFqL0BwX"
19,æ³•å¼æ’©å°èµ¤ä½¬,å°±æ˜¯å–œæ¬¢ä½   æ²¡æœ‰ç†ç”±ğŸ’•@ææ˜“å³°,f,Mon Mar 09 08:11:42 +0800 2020,é‚£æ—¶å€™ä¸€ç¾¤æ¨å›½è›†åªä¼šè¯´zfè®©äººåœ¨å®¶ç­‰æ­» ç°åœ¨å‡ºæ¥bbä¸¤å¥,https://m.weibo.cn/u/5976825380?uid=5976825380,"https://tvax3.sinaimg.cn/crop.0.0.664.664.180/006wu9jmly8gcckxor5x5j30ig0ig75b.jpg?KID=imgbed,tva&Expires=1584258776&ssig=8wx3%2FK%2FbLt"
20,æ´’å®¶å°±æ˜¯æ½‡æ´’,æ€ä¹ˆæ‰èƒ½ä¸€å¤œæš´å¯Œ,m,Mon Mar 09 08:03:22 +0800 2020,ä¸­å›½å·²ç»ç”¨æƒ¨ç—›çš„ä»£ä»·å‘Šè¯‰ç‘å£«ä¸èƒ½è¿™ä¹ˆåšäº†ï¼Œç‘å£«å’‹ä¸çœ‹çœ‹ä¸­å›½æ–°é—»ã€‚,https://m.weibo.cn/u/5636285883?uid=5636285883,"https://tvax3.sinaimg.cn/crop.0.0.512.512.180/0069rhqPly8g25mac94ggj30e80e8jru.jpg?KID=imgbed,tva&Expires=1584258776&ssig=2Fu%2FJGkak%2F"
21,Kimalolo,"Nanyang Technological University, Research Fellow",m,Mon Mar 09 00:31:38 +0800 2020,ç‘å£«æ²¡æœ‰è‡ªå·±ç”Ÿäº§çš„èƒ½åŠ›ï¼Œæ‰€æœ‰ä¸œè¥¿éƒ½è¦ä»æ—è¾¹å›½å®¶è¿›ï¼Œåœ¨è¿™ç§å„ä¸ªå›½å®¶è‡ªé¡¾ä¸æš‡çš„æƒ…å†µä¸‹ï¼Œéš¾æåˆ°é˜²ç–«ç‰©èµ„ï¼Œå› ä¸ºéƒ½æ˜¯å›½å®¶æ§åˆ¶äº†ï¼Œé’±å†å¤šä¹Ÿæ²¡ç”¨,https://m.weibo.cn/u/2056732730?uid=2056732730,"https://tvax4.sinaimg.cn/crop.0.0.821.821.180/7a97403aly8fv23gsm0l1j20mt0mtacd.jpg?KID=imgbed,tva&Expires=1584258776&ssig=aDvBonozkJ"
22,Remainä¸¶ä¸¶,,m,Mon Mar 09 10:30:44 +0800 2020,"è¿™ç¡®å®æ˜¯é—®é¢˜ï¼Œå£ç½©éƒ½è®©å¾·å›½ç»™æ‰£äº†<span class=""url-icon""><img alt=[å…æ‚²] src=""//h5.sinaimg.cn/m/emoticon/icon/default/d_yunbei-9aa3c436a4.png"" style=""width:1em; height:1em;"" /></span>ï¼Œæœ‰é’±ä¹Ÿæ²¡ç”¨ã€‚çœŸçš„æ‰“èµ·ä»—æ¥ï¼Œå°å›½çœŸçš„ç»ä¸èµ·æŠ˜è…¾ï¼Œæœ‰ç‚¹ç†è§£ä¸¹éº¦ä¸ºä»€ä¹ˆ4å°æ—¶å°±æŠ•é™äº†",https://m.weibo.cn/u/6073320230?uid=6073320230,"https://tvax2.sinaimg.cn/crop.16.13.212.212.180/006D121Ugy1fkju3eid25j3071072dfy.jpg?KID=imgbed,tva&Expires=1584258776&ssig=AJHCZZ2yax"
23,2010murphy,,m,Mon Mar 09 07:58:00 +0800 2020,æˆ‘å‘ç°äº†ä¸€ä¸ªå¥‡æ€ªçš„è®ºè°ƒï¼Œä¸€å¼€å§‹æ­¦æ±‰å‘ç”Ÿç–«æƒ…çš„æ—¶å€™ï¼Œè¥¿æ–¹å„å›½è°ˆä¹‹è‰²å˜ï¼Œå¦‚ä¸´å¤§æ•Œï¼Œçº·çº·æŒ‡è´£ï¼Œå¹¶ä¸”å…³é—­å…¥å¢ƒï¼Œè§‰å¾—æ˜¯ç‰¹åˆ«å¯æ€•çš„ç˜Ÿç–«ã€‚ç°åœ¨è¥¿æ–¹å¥½å¤šå›½å®¶æ„ŸæŸ“ï¼Œå´çº·çº·æ”¾å¼ƒæ£€æµ‹äº†ï¼Œè¿˜è¯´ä¸æ˜¯å•¥å¤§ç—…ã€‚,https://m.weibo.cn/u/2367178861?uid=2367178861,"https://tva3.sinaimg.cn/crop.0.0.540.540.180/8d18486djw8eu0yjdnc6pj20f00f03yu.jpg?KID=imgbed,tva&Expires=1584258776&ssig=ttAlmtmy8k"
24,ä¹è§‚çš„å•Šå•Šå•Š_168,,m,Mon Mar 09 08:25:20 +0800 2020,ä»–ä»¬æ§ä½ä¸ä½å‘—ï¼Œåªèƒ½è¯´ä¸æ˜¯å¤§ç—…å‡è½»æ°‘ä¼—çš„ææ…Œ,https://m.weibo.cn/u/6074787085?uid=6074787085,"https://tvax4.sinaimg.cn/crop.0.0.750.750.180/006D7bCRly8fn8eldrvt3j30ku0kuabh.jpg?KID=imgbed,tva&Expires=1584258776&ssig=gBsPNmMfC5"
25,Boom_MrFan,æ„¿å½’æ¥ä»æ˜¯ç¿©ç¿©å°‘å¹´ï¼,m,Mon Mar 09 09:09:17 +0800 2020,"ç­‰åˆ°æ—¶å€™æŸ¥å‡ºæ¥æºå¤´åœ¨å›½å¤–çš„æ—¶å€™ï¼Œå°±æœ‰æ„æ€äº†ï¼Œä¼šå‡ºç°å¤§å‹ç¿»è½¦ç°åœº<span class=""url-icon""><img alt=[ç¬‘cry] src=""//h5.sinaimg.cn/m/emoticon/icon/default/d_xiaoku-d320324f00.png"" style=""width:1em; height:1em;"" /></span>",https://m.weibo.cn/u/2388746101?uid=2388746101,"https://tvax2.sinaimg.cn/crop.0.0.996.996.180/8e615f75ly8g88n2n4d0bj20ro0roaam.jpg?KID=imgbed,tva&Expires=1584258776&ssig=K4XY%2Fxlqpc"
26,å†¬å†¬æ˜¯ä¸ªåå®å®,è®©æˆ‘çœ‹çœ‹ï¼Œæ˜¯è°åœ¨å·çœ‹æˆ‘,f,Sun Mar 08 23:48:17 +0800 2020,è½»ç—‡å›å®¶ï¼Œä¼ æŸ“ä¸€å®¶å­,https://m.weibo.cn/u/3277705613?uid=3277705613,"https://tvax3.sinaimg.cn/crop.0.0.512.512.180/c35dd18dly8gckk6e8gbrj20e80e8aav.jpg?KID=imgbed,tva&Expires=1584258776&ssig=gvHMWAYOiW"
27,ç¼å§27674,æ¯ä¸ªäººæ‰€å¾—åˆ°çš„éƒ½ä¸ä¼šæ˜¯å¹³ç™½æ— æ•…çš„,f,Mon Mar 09 00:03:08 +0800 2020,è¯´çš„å¥½åƒè½»ç—‡æ°¸è¿œæ˜¯è½»ç—‡ï¼Œé‡ç—‡æ°¸è¿œæ˜¯é‡ç—‡ï¼Œèµ„æœ¬ä¸»ä¹‰å•Šâ€¦â€¦,https://m.weibo.cn/u/6648364963?uid=6648364963,"https://tvax1.sinaimg.cn/crop.0.0.664.664.180/007fVRqXly8gclrk82p5vj30ig0ihdi4.jpg?KID=imgbed,tva&Expires=1584258776&ssig=ANnKFUz3n%2F"
28,é›¯eèµ·èˆ,,m,Mon Mar 09 06:36:44 +0800 2020,è¿™è·Ÿä»€ä¹ˆä¸»ä¹‰æ²¡å…³ç³»ï¼Œæ­¦æ±‰F4æ˜¯ä»€ä¹ˆä¸»ä¹‰ï¼Œæ„å¤§åˆ©ä¹Ÿå°åŸäº†ï¼Œæ„å¤§åˆ©æ˜¯ä»€ä¹ˆä¸»ä¹‰ï¼Ÿ,https://m.weibo.cn/u/1727227795?uid=1727227795,"https://tvax1.sinaimg.cn/crop.0.0.888.888.180/66f36793ly8gco3sxmk9ij20oo0oon00.jpg?KID=imgbed,tva&Expires=1584258776&ssig=H7exjowKY8"
29,D-KLE,æ„Ÿè°¢æœ‰ä½ ,f,Mon Mar 09 07:04:31 +0800 2020,"è®¤åŒç¬”èŠ¯<span class=""url-icon""><img alt=[å¿ƒ] src=""//h5.sinaimg.cn/m/emoticon/icon/others/l_xin-6912791858.png"" style=""width:1em; height:1em;"" /></span>",https://m.weibo.cn/u/7310618391?uid=7310618391,"https://tvax2.sinaimg.cn/crop.0.0.667.667.180/007YKBNRly8g7atqbrkdkj30ij0ij76g.jpg?KID=imgbed,tva&Expires=1584258776&ssig=RA4kiJL%2Bze"
30,ç¼å§27674,ä¸–ç•Œæ˜¯ä½ ä»¬çš„ä¹Ÿæ˜¯æˆ‘ä»¬çš„ï¼Œä½†å½’æ ¹åˆ°åº•ä¸æ˜¯ä½ ä»¬çš„å°±æ˜¯æˆ‘ä»¬çš„ã€‚,m,Sun Mar 08 23:33:58 +0800 2020,"ä¸€ç›´æƒ³äº†è§£æ–°å† çš„è½»ç—‡æ‚£è€…åˆ°åº•æœ‰å¤šè½»ï¼Œé™¤äº†ä¼ æŸ“æ€§æ›´å¼ºï¼ŒçŠ¶æ€ä¼šå’Œæµæ„Ÿå·®ä¸å¤šå—ï¼Ÿ<span class=""url-icon""><img alt=[åƒç“œ] src=""//h5.sinaimg.cn/m/emoticon/icon/default/d_chigua-c95cd5ba58.png"" style=""width:1em; height:1em;"" /></span><span class=""url-icon""><img alt=[åƒç“œ] src=""//h5.sinaimg.cn/m/emoticon/icon/default/d_chigua-c95cd5ba58.png"" style=""width:1em; height:1em;"" /></span><span class=""url-icon""><img alt=[åƒç“œ] src=""//h5.sinaimg.cn/m/emoticon/icon/default/d_chigua-c95cd5ba58.png"" style=""width:1em; height:1em;"" /></span>",https://m.weibo.cn/u/6648364963?uid=6648364963,"https://tvax1.sinaimg.cn/crop.0.0.664.664.180/007fVRqXly8gclrk82p5vj30ig0ihdi4.jpg?KID=imgbed,tva&Expires=1584258776&ssig=ANnKFUz3n%2F"
31,å°å°æ˜ç¯_å¨ä¼¯è¯ºå¤«,,m,Mon Mar 09 09:10:04 +0800 2020,"è¥¿æ–¹ä¿¡å¥‰è¾¾å°”æ–‡ï¼Œå†µä¸”è‡´æ­»ç‡ç¡®å®ä¸æ˜¯å¤ªé«˜ï¼Œç´¢æ€§å°±æŠ›æ‰äººæƒï¼Œæ’•æ‰å‡æ°‘ä¸»çš„é¢å…·ï¼Œä¸ºäº†ç»æµé€‚è€…ç”Ÿå­˜ï¼Œè¿˜èƒ½å‡è½»å›½å®¶å…»è€è´Ÿæ‹…ï¼Œé™¤äº†ä¸äººé“ï¼Œç®€ç›´å°±æ˜¯ä¸€ç®­åŒé›•<span class=""url-icon""><img alt=[æ±—] src=""//h5.sinaimg.cn/m/emoticon/icon/default/d_han-0e7b8aa6d1.png"" style=""width:1em; height:1em;"" /></span>",https://m.weibo.cn/u/1400712737?uid=1400712737,"https://tva1.sinaimg.cn/crop.0.0.180.180.180/537d2e21jw1e8qgp5bmzyj2050050aa8.jpg?KID=imgbed,tva&Expires=1584258776&ssig=ivDdxV30Fu"
32,å¤§éƒ¨åˆ†çš„ç¯å¢ƒ,ä»åˆè§ä½ çš„é‚£ä¸€ç¬é—´æˆ‘å°±å–œæ¬¢ä¸Šä½ äº†,f,Mon Mar 09 10:17:23 +0800 2020,å¯èƒ½å‰ä¸€å¤©åœ¨è·³å¹¿åœºèˆï¼Œç¬¬äºŒå¤©ç—…æƒ…åŠ é‡å°±å‘¼å¸å›°éš¾åŠ¨ä¸äº†äº†ã€‚å½“åˆæ­¦æ±‰è¶…è¯é‡Œä¸ºå•¥ä¼šæœ‰è½»ç—‡å›å®¶éš”ç¦»çš„äººä¸å¹¸è¿‡ä¸–ï¼Œå¾ˆå¤§åŸå› æ˜¯åŒ»ç–—èµ„æºä¸å¤Ÿï¼Œå®¶äººåˆä¸ä¼šç…§é¡¾ã€‚,https://m.weibo.cn/u/3313781721?uid=3313781721,"https://tva4.sinaimg.cn/crop.0.0.720.720.180/c5844bd9jw8eh11tfafqnj20k00k0aah.jpg?KID=imgbed,tva&Expires=1584258776&ssig=K0swH%2BMHTy"
33,è´°åç–å·å­¦å§,å¾ˆå¤šäº‹æƒ…ï¼Œéƒ½æ˜¯ä¸ºè‡ªå·±åšæŒã€‚,m,Sun Mar 08 23:42:56 +0800 2020,æ¡ä¾‹ä¸éœ€è¦å®Œå–„ï¼åšå†³è¦æ±‚åºŸé™¤#å¤–å›½äººæ°¸ä¹…å±…ç•™ç®¡ç†æ¡ä¾‹# ï¼é©±é€æ¡ä¾‹æ¨åŠ¨è€…åŠ æ‹¿å¤§whyå’Œå…¶ç»„ç»‡â€œä¸­å›½ä¸å…¨çƒåŒ–æ™ºåº“CCGâ€ï¼Œæ’¤é”€ç§»æ°‘ç®¡ç†å±€ï¼æ¨åŠ¨å¼•è¿›å¤–å›½äººï¼Œæ¨åŠ¨æˆç«‹ç§»æ°‘å±€ï¼Œé¼“å¹åŒé‡å›½ç±ï¼Œé¼“å¹æ¥æ”¶éš¾æ°‘ï¼Œéƒ½æ˜¯ä»–ï¼ä¸€ä¸ªåŠ æ‹¿å¤§äººåœ¨ä¸­å›½æ·±è€•åå‡ å¹´!<a href='/n/æ€æƒ³ç«ç‚¬'>@æ€æƒ³ç«ç‚¬</a> #è¿™æ˜¯ä¸€ä»¶ä¸¥é‡æ€§ä¸äºšäºç–«æƒ…çš„äº‹#,https://m.weibo.cn/u/5353345647?uid=5353345647,"https://tvax4.sinaimg.cn/crop.0.0.996.996.180/005Qi5KDly8fdm3pesr18j30ro0rojtl.jpg?KID=imgbed,tva&Expires=1584258776&ssig=fvqNkJ4jaV"
34,ç¾ç¬ç¹åyz,,m,Mon Mar 09 09:04:29 +0800 2020,æ’¤é”€ç§»æ°‘ç®¡ç†å±€ä¸å¦¥,https://m.weibo.cn/u/3217349265?uid=3217349265,"https://tva2.sinaimg.cn/crop.32.0.111.111.180/bfc4da91jw8eyy02d7ndsj205k05k3yv.jpg?KID=imgbed,tva&Expires=1584258776&ssig=b2mNU7AOR6"
35,Lyd_33DP,,m,Mon Mar 09 13:09:49 +0800 2020,ä½ æ’¤é”€ç§»æ°‘ç®¡ç†å±€æ˜¯ä»€ä¹ˆé¬¼éªšæ“ä½œï¼Ÿ,https://m.weibo.cn/u/5714210153?uid=5714210153,"https://tvax4.sinaimg.cn/crop.0.0.200.200.180/006eIf5Tly8fe8m4warfbj305k05kjra.jpg?KID=imgbed,tva&Expires=1584258776&ssig=MD6bsK1iPm"
36,å½­å­å‹¤,å±…å®‰æ€å±ï¼Œæ€åˆ™æœ‰å¤‡ï¼Œæœ‰å¤‡æ— æ‚£ã€‚,m,Mon Mar 09 05:48:00 +0800 2020,ä¸€åœºå¸­å·å…¨çƒçš„æ–°å† ç—…æ¯’ç–«æƒ…ï¼Œåƒç…§å¦–é•œä¸€æ ·ç…§å‡ºäº†å„å›½ç°å®ï¼Œç…§å‡ºäº†ç¤¾ä¼šä¸»ä¹‰ä¸­å›½ä¸èµ„æœ¬ä¸»ä¹‰å›½å®¶çš„æ¯”è¾ƒä¼˜åŠ¿ã€‚,https://m.weibo.cn/u/5970015951?uid=5970015951,"https://tvax4.sinaimg.cn/crop.0.0.996.996.180/006w1zRRly8frx3s0i1ngj30ro0ro75r.jpg?KID=imgbed,tva&Expires=1584258776&ssig=dNZpXoRi%2Br"
37,æ˜¥æ±Ÿå—198,fuck offï¼,m,Sun Mar 08 23:44:52 +0800 2020,"çœŸè¯šçš„å¯¹è’‹ä¹¦è®°ã€é©¬ä¹¦è®°è¯´å£°å¯¹ä¸èµ·<span class=""url-icon""><img alt=[äºŒå“ˆ] src=""//h5.sinaimg.cn/m/emoticon/icon/others/d_erha-0fecc90ac1.png"" style=""width:1em; height:1em;"" /></span><span class=""url-icon""><img alt=[äºŒå“ˆ] src=""//h5.sinaimg.cn/m/emoticon/icon/others/d_erha-0fecc90ac1.png"" style=""width:1em; height:1em;"" /></span><span class=""url-icon""><img alt=[äºŒå“ˆ] src=""//h5.sinaimg.cn/m/emoticon/icon/others/d_erha-0fecc90ac1.png"" style=""width:1em; height:1em;"" /></span>",https://m.weibo.cn/u/6452759637?uid=6452759637,"https://tvax2.sinaimg.cn/crop.0.0.996.996.180/0072H7ylly8fn6jlp7ujxj30ro0rota2.jpg?KID=imgbed,tva&Expires=1584258776&ssig=w4mroRXcHJ"
38,ç»ˆæè›‡å±±å±…å£«å¤æ´»,ä¸€åŠæµ·æ°´ä¸€åŠç«ç„°,m,Mon Mar 09 09:44:22 +0800 2020,è¿™ä¸¤å°±ç®—äº†å§ï¼Œå°±é˜¿æ—ºè¿˜æ˜¯ä¸ªäºº,https://m.weibo.cn/u/5928382398?uid=5928382398,"https://tvax3.sinaimg.cn/crop.0.0.512.512.180/006tcT4Wly8fyw2xrb6jhj30e80e83yy.jpg?KID=imgbed,tva&Expires=1584258776&ssig=Pf306gR3Gh"
39,å°±åœ¨ç»ˆç‚¹ç­‰æˆ‘,,m,Mon Mar 09 10:08:58 +0800 2020,å“ˆå“ˆï¼Œè°å‘æ­¦æ±‰å‡ åƒä¾‹æ­»äº¡çš„äººçš„è¯´å¥å¯¹ä¸èµ·,https://m.weibo.cn/u/5737541520?uid=5737541520,"https://tvax4.sinaimg.cn/crop.0.0.996.996.180/006gi8Egly8gcebncuaphj30ro0romyf.jpg?KID=imgbed,tva&Expires=1584258776&ssig=P5jDAZsXab"
40,æ¸©çš„é£å±±çš„é£ii,â€è‹å·â€å®å¦ˆ ä¸€æš â€â€æ‰“ç†ä¸­è€å¹´çˆ¸å¦ˆæœé¥°å¤©çŒ«åº—  â€ä¸ºäº†â€æ¢¦â€æƒ³ â€ä¸ºäº†å¥¶ç²‰é’± å†²é¸­ï¼ â€å¨ç›èˆ’åŸ¹æ——èˆ°åº— 8å¹´å¤©çŒ«è€åº— â€ä¸åšæ‡’è™« æ—©èµ·æ™šç¡,f,Mon Mar 09 08:00:13 +0800 2020,"ç‘å£«å£ç½©è¢«æ‹¦æˆªäº† å‡ ä¹è£¸å¥” æˆ‘æ€ä¹ˆæ„Ÿè§‰ï¼Œè¿™ç–«æƒ…è¦æ˜¯å†å¾€ä¸‹å‘å±•ï¼Œå¤§å®¶éƒ½è¦æ’¸èµ·è¢–å­å¹²èµ·æ¥äº†å‘¢ã€‚ä»€ä¹ˆæ°‘ä¸»ã€è‡ªç”±ã€æ³•æ²»ã€äººæƒç­‰ï¼Œç»Ÿç»Ÿéƒ½ä¸è¦äº†ã€‚åœ¨ç´§å¼ çš„èµ„æºé¢å‰ï¼Œå›¾ç©·åŒ•è§æ‰æ˜¯ç‹é“ <span class=""url-icon""><img alt=[æ™•] src=""//h5.sinaimg.cn/m/emoticon/icon/default/d_yun-8746541994.png"" style=""width:1em; height:1em;"" /></span>",https://m.weibo.cn/u/6861780135?uid=6861780135,"https://tvax3.sinaimg.cn/crop.0.0.1002.1002.180/007unkt9ly8gcgnr27blfj30ru0rv0uv.jpg?KID=imgbed,tva&Expires=1584258776&ssig=pvhWMy%2BBJ%2B"
41,å¸Œæœ›è¿™ä¸ªæ˜µç§°æ²¡æœ‰è¢«æ³¨å†Œ,æ„¿å½’æ¥ä»æ˜¯ç¿©ç¿©å°‘å¹´ï¼,m,Mon Mar 09 09:12:50 +0800 2020,è¥¿æ–¹ä»€ä¹ˆçš¿ç…®ï¼Œé«˜å°šéƒ½æ˜¯æ‰¯æ·¡,https://m.weibo.cn/u/5984325964?uid=5984325964,"https://tvax1.sinaimg.cn/crop.0.0.888.888.180/006wZCywly8gce6jnfzjnj30oo0oo76b.jpg?KID=imgbed,tva&Expires=1584258776&ssig=roscfvcJFy"
42,Boom_MrFan,,f,Mon Mar 09 09:25:47 +0800 2020,æ‰€ä»¥ç°åœ¨æ˜ç™½äº†é‚£äº›å¤©å¤©å¹ä½“åˆ¶çš„äººå°±æ˜¯è€æµæ°“ã€‚æ¯ç§ä½“åˆ¶éƒ½æœ‰ä¼˜ç¼ºç‚¹ï¼Œæ¯ä¸ªå›½å®¶çš„å†å²å’Œäººæ–‡å†³å®šäº†è‡ªå·±çš„ä½“åˆ¶ã€‚åƒç¾å›½è¿™ç§å…¨ä¸–ç•Œé¼“å¹è‡ªå·±çš„ä½“åˆ¶ï¼Œåˆ©ç”¨ä½“åˆ¶è¯´äº‹çš„äººå°±æ˜¯ä¸€ç¾¤åˆ«æœ‰ç”¨å¿ƒçš„ä¾µç•¥è€…ï¼,https://m.weibo.cn/u/2388746101?uid=2388746101,"https://tvax2.sinaimg.cn/crop.0.0.996.996.180/8e615f75ly8g88n2n4d0bj20ro0roaam.jpg?KID=imgbed,tva&Expires=1584258776&ssig=K4XY%2Fxlqpc"
43,äº‘çƒŸ813,ç¾è²Œä¸æ™ºæ…§å¹¶é‡ï¼Œè‹±é›„ä¸ä¾ ä¹‰çš„åŒ–èº«,f,Sun Mar 08 23:33:11 +0800 2020,"äº¡å›½åå¯ä»¥çº³å…¥ä¸­å›½å˜›<span class=""url-icon""><img alt=[æ†§æ†¬] src=""//h5.sinaimg.cn/m/emoticon/icon/default/d_xingxingyan-06a3ca0ae4.png"" style=""width:1em; height:1em;"" /></span>",https://m.weibo.cn/u/5170165170?uid=5170165170,"https://tvax1.sinaimg.cn/default/images/default_avatar_female_180.gif?KID=imgbed,tva&Expires=1584258776&ssig=SUA4IjpsUp"
44,åœ£æ¯ç™½è²èŠ±å…¬ä¸»,,f,Mon Mar 09 00:16:01 +0800 2020,è¿™æ ·çš„è¯„è®ºå¤ªè¿‡åˆ†äº†å§,https://m.weibo.cn/u/2439926563?uid=2439926563,"https://tvax1.sinaimg.cn/crop.0.0.1002.1002.180/916e5323ly8gbn9sg42ovj20ru0rutaf.jpg?KID=imgbed,tva&Expires=1584258776&ssig=L9orlkDuS6"
45,ç»´åšæ˜¯å¤§Vçš„å›´åš,,m,Sun Mar 08 23:38:38 +0800 2020,è¦åœ°ä¸è¦äºº,https://m.weibo.cn/u/7370185492?uid=7370185492,"https://tvax4.sinaimg.cn/crop.0.0.996.996.180/0082MxVyly8gare22wwvhj30ro0roq9a.jpg?KID=imgbed,tva&Expires=1584258776&ssig=LOK9kQw%2FgE"
46,ç«æ˜Ÿç”·çš„æ–¹å‘ç›˜,,m,Mon Mar 09 01:49:37 +0800 2020,ç„¶åä¼ æŸ“èŒƒå›´è¶Šæ¥è¶Šå¤§ï¼Œé‡ç—‡è¶Šæ¥è¶Šå¤šï¼Œæœ€åæ²»ä¸è¿‡æ¥äº†,https://m.weibo.cn/u/1986069302?uid=1986069302,"https://tvax2.sinaimg.cn/crop.0.0.1002.1002.180/76610336ly8g789j3e48wj20ru0rudk8.jpg?KID=imgbed,tva&Expires=1584258776&ssig=jdive6k84r"
47,KimiZheng,å››å¹´å¾ˆçŸ­ï¼Œä¸€ç”Ÿå¾ˆå¿«ï¼Œçæƒœç»è¿‡çš„ä¸€åˆ‡ã€‚,m,Sun Mar 08 23:35:15 +0800 2020,ä¸æ˜¯è½»ç—‡ä¹Ÿä¼šä¼ æŸ“å—ï¼Ÿä¸‡ä¸€ä¼ ç»™å®¶äººå’‹åŠï¼Œæ¯ä¸ªäººæŠµæŠ—åŠ›ä¸ä¸€æ ·å•Š,https://m.weibo.cn/u/1360720445?uid=1360720445,"https://tvax2.sinaimg.cn/crop.0.0.1002.1002.180/511af23dly8gc3vgh6lr6j20ru0ru77t.jpg?KID=imgbed,tva&Expires=1584258776&ssig=%2F0ybYK6tqb"
48,ä¸èƒ½å«æˆ‘çš„åå­—,è·¯äºº,f,Mon Mar 09 08:17:03 +0800 2020,"å½“ç„¶ä¼šä¼ æŸ“ï¼Œæ— ç—‡çŠ¶éƒ½ä¼ æŸ“æ½œä¼æœŸéƒ½ä¼ æŸ“ï¼Œæ›´ä½•å†µå·²ç»æ˜¯è½»ç—‡<span class=""url-icon""><img alt=[è´¹è§£] src=""//h5.sinaimg.cn/m/emoticon/icon/default/d_feijie-bac8e40ab4.png"" style=""width:1em; height:1em;"" /></span>",https://m.weibo.cn/u/2279051315?uid=2279051315,"https://tva4.sinaimg.cn/crop.0.0.1006.1006.180/87d79033jw8f6ur3zn3dcj20ry0ry402.jpg?KID=imgbed,tva&Expires=1584258776&ssig=2R616TZCRa"
49,axwzxdynygnpy,åºŸå·ä¸€ä¸ªï¼Œæ°¸ä¸ä¸­å¥–,m,Mon Mar 09 01:43:53 +0800 2020,ä¸æ£€æµ‹å°±ä¸ä¼šå¢åŠ å•Šï¼Œä¸å¢åŠ å°±è¯´æ˜æ²¡äº‹äº†å•Š,https://m.weibo.cn/u/2700738222?uid=2700738222,"https://tvax2.sinaimg.cn/crop.0.0.512.512.180/a0f9feaely8g9q7fji5q7j20e80e8dhv.jpg?KID=imgbed,tva&Expires=1584258776&ssig=P%2ByALkRi2y"
50,æ­£ç»è€å›é…¸èœé±¼,æ„Ÿè°¢æœ‰ä½ ,f,Mon Mar 09 07:04:03 +0800 2020,å“ˆå“ˆå“ˆ,https://m.weibo.cn/u/6169887951?uid=6169887951,"https://tvax1.sinaimg.cn/crop.0.0.996.996.180/006JydHNly8g78kdlkppkj30ro0ro426.jpg?KID=imgbed,tva&Expires=1584258776&ssig=I8vpFVfxCQ"
51,ç¼å§27674,,,,,https://m.weibo.cn/u/6648364963?uid=6648364963,"https://tvax1.sinaimg.cn/crop.0.0.664.664.180/007fVRqXly8gclrk82p5vj30ig0ihdi4.jpg?KID=imgbed,tva&Expires=1584258776&ssig=ANnKFUz3n%2F"
